Zip|Total Pop|Median income|PopScore|IncScore|Max Pop|Max Inc
33109|328|250,000|0.1|12.5|30922|200,000
30289|23|250,000|0|12.5|30922|200,000
33158|2166|177917|0.7|8.89585|30922|200,000
30327|9659|173761|3.1|8.68805|30922|200,000
33149|4676|169792|1.5|8.4896|30922|200,000
33076|13069|164389|4.2|8.21945|30922|200,000
33480|6364|163929|2.1|8.19645|30922|200,000
30005|13685|162808|4.4|8.1404|30922|200,000
33327|6584|158184|2.1|7.9092|30922|200,000
33473|4160|157646|1.3|7.8823|30922|200,000
32461|1152|154750|0.4|7.7375|30922|200,000
33332|3461|154652|1.1|7.7326|30922|200,000
33629|10275|152044|3.3|7.6022|30922|200,000
30075|21492|148740|7|7.437|30922|200,000
33449|3164|145952|1|7.2976|30922|200,000
30022|23386|145351|7.6|7.26755|30922|200,000
34250|233|145266|0.1|7.2633|30922|200,000
32963|7672|143438|2.5|7.1719|30922|200,000
30068|12828|143077|4.1|7.15385|30922|200,000
33556|10546|142738|3.4|7.1369|30922|200,000
32259|20520|142263|6.6|7.11315|30922|200,000
34228|4171|141250|1.3|7.0625|30922|200,000
30307|9574|140417|3.1|7.02085|30922|200,000
33029|13443|139461|4.3|6.97305|30922|200,000
33478|5040|137282|1.6|6.8641|30922|200,000
33330|4446|136839|1.4|6.84195|30922|200,000
33331|7630|136734|2.5|6.8367|30922|200,000
30004|24289|136124|7.9|6.8062|30922|200,000
30024|28222|135679|9.1|6.78395|30922|200,000
30041|25025|135591|8.1|6.77955|30922|200,000
30009|8250|135081|2.7|6.75405|30922|200,000
31025|482|135000|0.2|6.75|30922|200,000
32766|5059|134831|1.6|6.74155|30922|200,000
32133|305|134187|0.1|6.70935|30922|200,000
33156|11862|133862|3.8|6.6931|30922|200,000
33786|708|133750|0.2|6.6875|30922|200,000
31829|585|130702|0.2|6.5351|30922|200,000
32081|8250|129875|2.7|6.49375|30922|200,000
30622|4200|128571|1.4|6.42855|30922|200,000
30040|26179|128052|8.5|6.4026|30922|200,000
30319|20309|127776|6.6|6.3888|30922|200,000
33194|1962|126910|0.6|6.3455|30922|200,000
30028|10969|126485|3.5|6.32425|30922|200,000
33146|5357|125720|1.7|6.286|30922|200,000
30809|16043|125020|5.2|6.251|30922|200,000
30062|23306|124665|7.5|6.23325|30922|200,000
33498|5543|124403|1.8|6.22015|30922|200,000
33412|5513|123934|1.8|6.1967|30922|200,000
32814|4156|123635|1.3|6.18175|30922|200,000
30338|16204|123125|5.2|6.15625|30922|200,000
34201|1801|123105|0.6|6.15525|30922|200,000
34797|618|123003|0.2|6.15015|30922|200,000
30097|17011|122285|5.5|6.11425|30922|200,000
33131|12552|121730|4.1|6.0865|30922|200,000
34134|8305|121713|2.7|6.08565|30922|200,000
32082|12160|121484|3.9|6.0742|30922|200,000
34242|4053|121006|1.3|6.0503|30922|200,000
30306|11911|120679|3.9|6.03395|30922|200,000
34240|5629|120581|1.8|6.02905|30922|200,000
33626|11799|120240|3.8|6.012|30922|200,000
33328|10261|120195|3.3|6.00975|30922|200,000
34786|15251|120117|4.9|6.00585|30922|200,000
33548|2766|119705|0.9|5.98525|30922|200,000
31411|4531|119670|1.5|5.9835|30922|200,000
34211|6209|119663|2|5.98315|30922|200,000
33418|18339|119156|5.9|5.9578|30922|200,000
30152|16075|119133|5.2|5.95665|30922|200,000
32830|25|118839|0|5.94195|30922|200,000
33067|8227|118825|2.7|5.94125|30922|200,000
32561|4111|118074|1.3|5.9037|30922|200,000
30030|12642|117774|4.1|5.8887|30922|200,000
32003|11291|117414|3.7|5.8707|30922|200,000
33921|362|117240|0.1|5.862|30922|200,000
33547|9337|116464|3|5.8232|30922|200,000
34760|310|116429|0.1|5.82145|30922|200,000
30277|8013|116257|2.6|5.81285|30922|200,000
30342|14872|115779|4.8|5.78895|30922|200,000
34108|8412|115182|2.7|5.7591|30922|200,000
33301|10017|115161|3.2|5.75805|30922|200,000
34990|12144|114842|3.9|5.7421|30922|200,000
30064|18351|114496|5.9|5.7248|30922|200,000
30205|1204|114479|0.4|5.72395|30922|200,000
34202|10395|114234|3.4|5.7117|30922|200,000
32317|5280|113973|1.7|5.69865|30922|200,000
34638|10838|113625|3.5|5.68125|30922|200,000
32092|15283|113589|4.9|5.67945|30922|200,000
30215|13074|113381|4.2|5.66905|30922|200,000
32312|12408|113131|4|5.65655|30922|200,000
32361|162|112969|0.1|5.64845|30922|200,000
32836|8436|112822|2.7|5.6411|30922|200,000
31047|6193|112738|2|5.6369|30922|200,000
34289|1491|112576|0.5|5.6288|30922|200,000
33483|6512|112262|2.1|5.6131|30922|200,000
34102|5385|111742|1.7|5.5871|30922|200,000
32827|5827|111725|1.9|5.58625|30922|200,000
33957|3491|111683|1.1|5.58415|30922|200,000
33187|5656|111525|1.8|5.57625|30922|200,000
32095|5791|111084|1.9|5.5542|30922|200,000
34637|3242|111053|1|5.55265|30922|200,000
30019|15068|111033|4.9|5.55165|30922|200,000
34688|3408|110893|1.1|5.54465|30922|200,000
32832|10788|110885|3.5|5.54425|30922|200,000
30269|14885|110821|4.8|5.54105|30922|200,000
33572|9120|110558|2.9|5.5279|30922|200,000
33323|8334|110395|2.7|5.51975|30922|200,000
30290|3275|110380|1.1|5.519|30922|200,000
30309|18020|110303|5.8|5.51515|30922|200,000
30326|5354|110208|1.7|5.5104|30922|200,000
30017|7629|109890|2.5|5.4945|30922|200,000
32732|1774|109625|0.6|5.48125|30922|200,000
30115|17555|109443|5.7|5.47215|30922|200,000
33028|8792|109393|2.8|5.46965|30922|200,000
32266|3020|109375|1|5.46875|30922|200,000
34756|1391|109327|0.4|5.46635|30922|200,000
30621|2030|109259|0.7|5.46295|30922|200,000
33596|9982|108963|3.2|5.44815|30922|200,000
33470|10002|108906|3.2|5.4453|30922|200,000
34787|28229|108750|9.1|5.4375|30922|200,000
32804|8855|108662|2.9|5.4331|30922|200,000
30066|22450|108309|7.3|5.41545|30922|200,000
32949|987|108050|0.3|5.4025|30922|200,000
33326|10800|107899|3.5|5.39495|30922|200,000
32779|11108|107727|3.6|5.38635|30922|200,000
30548|7894|107727|2.6|5.38635|30922|200,000
34212|8892|107699|2.9|5.38495|30922|200,000
33031|2419|107448|0.8|5.3724|30922|200,000
33606|9110|106640|2.9|5.332|30922|200,000
33486|8955|106343|2.9|5.31715|30922|200,000
31820|4671|106131|1.5|5.30655|30922|200,000
32950|1885|105938|0.6|5.2969|30922|200,000
32820|3190|105912|1|5.2956|30922|200,000
34241|5957|105794|1.9|5.2897|30922|200,000
30317|6409|105785|2.1|5.28925|30922|200,000
33609|8462|105761|2.7|5.28805|30922|200,000
34145|8276|105315|2.7|5.26575|30922|200,000
34119|14047|105263|4.5|5.26315|30922|200,000
30033|12961|105260|4.2|5.263|30922|200,000
32250|12654|104943|4.1|5.24715|30922|200,000
33913|10612|104877|3.4|5.24385|30922|200,000
30076|16941|104658|5.5|5.2329|30922|200,000
33477|6517|104531|2.1|5.22655|30922|200,000
31324|11313|104411|3.7|5.22055|30922|200,000
33042|3023|104325|1|5.21625|30922|200,000
30517|6093|104314|2|5.2157|30922|200,000
30189|15214|104295|4.9|5.21475|30922|200,000
33458|21091|104146|6.8|5.2073|30922|200,000
30305|14504|103982|4.7|5.1991|30922|200,000
32746|18575|103941|6|5.19705|30922|200,000
33647|25717|103918|8.3|5.1959|30922|200,000
30363|2040|103879|0.7|5.19395|30922|200,000
33706|8193|103695|2.6|5.18475|30922|200,000
33715|3865|103612|1.2|5.1806|30922|200,000
33414|19761|103525|6.4|5.17625|30922|200,000
33185|8974|103401|2.9|5.17005|30922|200,000
30101|20745|103205|6.7|5.16025|30922|200,000
33051|367|103096|0.1|5.1548|30922|200,000
34219|10390|103000|3.4|5.15|30922|200,000
33558|10638|102821|3.4|5.14105|30922|200,000
30265|14146|102653|4.6|5.13265|30922|200,000
33579|13456|102109|4.4|5.10545|30922|200,000
30184|2361|102019|0.8|5.10095|30922|200,000
30345|10310|101875|3.3|5.09375|30922|200,000
33132|8969|101518|2.9|5.0759|30922|200,000
32578|13065|101422|4.2|5.0711|30922|200,000
34117|5433|101392|1.8|5.0696|30922|200,000
33431|7462|101291|2.4|5.06455|30922|200,000
34105|7721|101282|2.5|5.0641|30922|200,000
30677|7047|101224|2.3|5.0612|30922|200,000
30328|18311|101186|5.9|5.0593|30922|200,000
30082|10850|101118|3.5|5.0559|30922|200,000
32789|11413|101113|3.7|5.05565|30922|200,000
33543|12306|101000|4|5.05|30922|200,000
30259|1410|100893|0.5|5.04465|30922|200,000
32940|19248|100792|6.2|5.0396|30922|200,000
30188|24707|100467|8|5.02335|30922|200,000
33545|7897|100031|2.6|5.00155|30922|200,000
30276|6469|99764|2.1|4.9882|30922|200,000
32934|7438|99758|2.4|4.9879|30922|200,000
31522|7928|99738|2.6|4.9869|30922|200,000
31328|1577|99729|0.5|4.98645|30922|200,000
30107|6109|99726|2|4.9863|30922|200,000
31005|7333|99722|2.4|4.9861|30922|200,000
34103|5390|99615|1.7|4.98075|30922|200,000
31807|861|99469|0.3|4.97345|30922|200,000
30750|1316|99150|0.4|4.9575|30922|200,000
32459|8638|99081|2.8|4.95405|30922|200,000
33140|8579|98935|2.8|4.94675|30922|200,000
33776|5042|98886|1.6|4.9443|30922|200,000
33496|10306|98843|3.3|4.94215|30922|200,000
34639|10470|98750|3.4|4.9375|30922|200,000
33071|13301|98722|4.3|4.9361|30922|200,000
32765|21886|98584|7.1|4.9292|30922|200,000
30252|15686|98582|5.1|4.9291|30922|200,000
34695|7255|98494|2.3|4.9247|30922|200,000
33912|8637|98293|2.8|4.91465|30922|200,000
33703|11011|98289|3.6|4.91445|30922|200,000
30519|17743|98228|5.7|4.9114|30922|200,000
33544|9606|98177|3.1|4.90885|30922|200,000
32566|15663|98065|5.1|4.90325|30922|200,000
31307|496|97857|0.2|4.89285|30922|200,000
30127|24166|97834|7.8|4.8917|30922|200,000
32712|15927|97718|5.2|4.8859|30922|200,000
32669|5857|97639|1.9|4.88195|30922|200,000
32226|6618|97625|2.1|4.88125|30922|200,000
33767|3990|97500|1.3|4.875|30922|200,000
30132|16782|97411|5.4|4.87055|30922|200,000
31804|2043|97361|0.7|4.86805|30922|200,000
30339|18552|97106|6|4.8553|30922|200,000
33704|7829|96986|2.5|4.8493|30922|200,000
31808|2873|96970|0.9|4.8485|30922|200,000
32309|13023|96879|4.2|4.84395|30922|200,000
33469|6876|96460|2.2|4.823|30922|200,000
32903|6090|96438|2|4.8219|30922|200,000
32776|4324|96136|1.4|4.8068|30922|200,000
33928|13675|95979|4.4|4.79895|30922|200,000
32828|23957|95943|7.7|4.79715|30922|200,000
32258|15436|95926|5|4.7963|30922|200,000
32034|17262|95869|5.6|4.79345|30922|200,000
34216|558|95694|0.2|4.7847|30922|200,000
30045|13800|95554|4.5|4.7777|30922|200,000
34771|8286|95450|2.7|4.7725|30922|200,000
34236|7608|95231|2.5|4.76155|30922|200,000
33812|4741|95031|1.5|4.75155|30922|200,000
33073|11669|94775|3.8|4.73875|30922|200,000
33785|2423|94638|0.8|4.7319|30922|200,000
32358|623|94583|0.2|4.72915|30922|200,000
34229|3548|94496|1.1|4.7248|30922|200,000
30126|15875|94399|5.1|4.71995|30922|200,000
32563|11030|94175|3.6|4.70875|30922|200,000
33182|4240|94129|1.4|4.70645|30922|200,000
30518|17687|94079|5.7|4.70395|30922|200,000
30114|21100|93800|6.8|4.69|30922|200,000
33410|15222|93643|4.9|4.68215|30922|200,000
33621|475|93393|0.2|4.66965|30922|200,000
33129|7267|93343|2.4|4.66715|30922|200,000
33813|13560|93306|4.4|4.6653|30922|200,000
33316|5884|93063|1.9|4.65315|30922|200,000
33325|10487|93060|3.4|4.653|30922|200,000
30087|13147|92753|4.3|4.63765|30922|200,000
30187|2945|92671|1|4.63355|30922|200,000
32803|10563|92557|3.4|4.62785|30922|200,000
32709|633|92550|0.2|4.6275|30922|200,000
32579|4483|92344|1.4|4.6172|30922|200,000
30527|1468|92273|0.5|4.61365|30922|200,000
31312|7571|92114|2.4|4.6057|30922|200,000
30183|2332|92083|0.8|4.60415|30922|200,000
31811|1995|91941|0.6|4.59705|30922|200,000
34238|11100|91936|3.6|4.5968|30922|200,000
33036|1681|91932|0.5|4.5966|30922|200,000
32065|13601|91770|4.4|4.5885|30922|200,000
32744|1224|91556|0.4|4.5778|30922|200,000
33569|9504|91154|3.1|4.5577|30922|200,000
30316|15202|91135|4.9|4.55675|30922|200,000
34138|364|91080|0.1|4.554|30922|200,000
30549|9787|90876|3.2|4.5438|30922|200,000
32223|10348|90833|3.3|4.54165|30922|200,000
33019|6331|90748|2|4.5374|30922|200,000
30043|28409|90738|9.2|4.5369|30922|200,000
30324|16564|90455|5.4|4.52275|30922|200,000
32937|11335|90344|3.7|4.5172|30922|200,000
32829|6317|90174|2|4.5087|30922|200,000
32403|133|90104|0|4.5052|30922|200,000
32968|5483|90058|1.8|4.5029|30922|200,000
31322|11203|90019|3.6|4.50095|30922|200,000
34110|12641|90006|4.1|4.5003|30922|200,000
32541|8442|89826|2.7|4.4913|30922|200,000
30148|376|89773|0.1|4.48865|30922|200,000
34484|2478|89563|0.8|4.47815|30922|200,000
30135|22351|89336|7.2|4.4668|30922|200,000
33196|16980|89326|5.5|4.4663|30922|200,000
31410|9736|89316|3.1|4.4658|30922|200,000
33408|9707|89299|3.1|4.46495|30922|200,000
32163|15051|89192|4.9|4.4596|30922|200,000
32806|11430|89102|3.7|4.4551|30922|200,000
30541|686|88922|0.2|4.4461|30922|200,000
33602|9754|88878|3.2|4.4439|30922|200,000
30360|5454|88875|1.8|4.44375|30922|200,000
34685|7499|88867|2.4|4.44335|30922|200,000
30025|3975|88732|1.3|4.4366|30922|200,000
30506|16009|88691|5.2|4.43455|30922|200,000
32751|9792|88599|3.2|4.42995|30922|200,000
30542|12986|88531|4.2|4.42655|30922|200,000
33598|8355|88231|2.7|4.41155|30922|200,000
34109|11765|88203|3.8|4.41015|30922|200,000
32833|3516|88200|1.1|4.41|30922|200,000
30256|874|88125|0.3|4.40625|30922|200,000
33315|5832|88034|1.9|4.4017|30922|200,000
33133|14479|87924|4.7|4.3962|30922|200,000
33178|19718|87817|6.4|4.39085|30922|200,000
30039|16108|87792|5.2|4.3896|30922|200,000
33432|10877|87634|3.5|4.3817|30922|200,000
30180|14268|87582|4.6|4.3791|30922|200,000
30078|13124|87529|4.2|4.37645|30922|200,000
34291|3060|87529|1|4.37645|30922|200,000
30547|1173|87386|0.4|4.3693|30922|200,000
32080|10086|87285|3.3|4.36425|30922|200,000
33487|10172|87266|3.3|4.3633|30922|200,000
33594|13126|87241|4.2|4.36205|30922|200,000
32952|8287|87148|2.7|4.3574|30922|200,000
31561|119|87125|0|4.35625|30922|200,000
30656|5980|86976|1.9|4.3488|30922|200,000
30002|2867|86836|0.9|4.3418|30922|200,000
32169|5813|86670|1.9|4.3335|30922|200,000
30052|24624|86512|8|4.3256|30922|200,000
32653|6344|86508|2.1|4.3254|30922|200,000
34711|24526|86419|7.9|4.32095|30922|200,000
32819|10445|86306|3.4|4.3153|30922|200,000
31523|5329|86178|1.7|4.3089|30922|200,000
31220|5980|86141|1.9|4.30705|30922|200,000
33993|10411|86117|3.4|4.30585|30922|200,000
34761|14026|86016|4.5|4.3008|30922|200,000
30047|21500|85985|7|4.29925|30922|200,000
34683|13792|85956|4.5|4.2978|30922|200,000
34217|1962|85896|0.6|4.2948|30922|200,000
30102|15061|85869|4.9|4.29345|30922|200,000
32904|13516|85618|4.4|4.2809|30922|200,000
33762|2623|85472|0.8|4.2736|30922|200,000
30660|351|85417|0.1|4.27085|30922|200,000
32195|1169|85396|0.4|4.2698|30922|200,000
30011|6603|85274|2.1|4.2637|30922|200,000
33305|6726|85246|2.2|4.2623|30922|200,000
33472|8106|85238|2.6|4.2619|30922|200,000
30080|24458|85061|7.9|4.25305|30922|200,000
30157|17225|84973|5.6|4.24865|30922|200,000
32708|19430|84952|6.3|4.2476|30922|200,000
32444|8027|84893|2.6|4.24465|30922|200,000
30055|1410|84881|0.5|4.24405|30922|200,000
34614|2970|84875|1|4.24375|30922|200,000
31046|1334|84792|0.4|4.2396|30922|200,000
33173|11749|84644|3.8|4.2322|30922|200,000
30534|11451|84601|3.7|4.23005|30922|200,000
33180|14456|84490|4.7|4.2245|30922|200,000
31098|946|84444|0.3|4.2222|30922|200,000
33122|816|84329|0.3|4.21645|30922|200,000
32571|13914|84287|4.5|4.21435|30922|200,000
33567|3877|84237|1.3|4.21185|30922|200,000
34293|22049|84110|7.1|4.2055|30922|200,000
33920|2683|84065|0.9|4.20325|30922|200,000
32736|4186|84043|1.4|4.20215|30922|200,000
30214|11692|84020|3.8|4.201|30922|200,000
33026|12108|84007|3.9|4.20035|30922|200,000
34715|7816|83993|2.5|4.19965|30922|200,000
32097|8210|83933|2.7|4.19665|30922|200,000
33411|27200|83770|8.8|4.1885|30922|200,000
30213|16132|83756|5.2|4.1878|30922|200,000
30171|939|83750|0.3|4.1875|30922|200,000
34120|13401|83636|4.3|4.1818|30922|200,000
33777|7335|83602|2.4|4.1801|30922|200,000
30642|6032|83592|2|4.1796|30922|200,000
33018|16961|83468|5.5|4.1734|30922|200,000
32713|8894|83468|2.9|4.1734|30922|200,000
32124|2726|83354|0.9|4.1677|30922|200,000
32225|21391|83324|6.9|4.1662|30922|200,000
33467|21865|83238|7.1|4.1619|30922|200,000
32931|7422|83195|2.4|4.15975|30922|200,000
32533|10796|83099|3.5|4.15495|30922|200,000
34949|4441|83068|1.4|4.1534|30922|200,000
33811|9353|83043|3|4.15215|30922|200,000
34677|8789|83034|2.8|4.1517|30922|200,000
32955|15799|82969|5.1|4.14845|30922|200,000
34251|2204|82926|0.7|4.1463|30922|200,000
33134|16251|82925|5.3|4.14625|30922|200,000
30802|2137|82853|0.7|4.14265|30922|200,000
30141|8230|82791|2.7|4.13955|30922|200,000
33967|9734|82732|3.1|4.1366|30922|200,000
30144|21900|82665|7.1|4.13325|30922|200,000
34996|5620|82655|1.8|4.13275|30922|200,000
32583|9979|82416|3.2|4.1208|30922|200,000
32311|8913|82392|2.9|4.1196|30922|200,000
33946|1315|82358|0.4|4.1179|30922|200,000
33155|14905|82321|4.8|4.11605|30922|200,000
32697|71|82083|0|4.10415|30922|200,000
32224|15579|82055|5|4.10275|30922|200,000
32837|15780|81926|5.1|4.0963|30922|200,000
31763|9971|81838|3.2|4.0919|30922|200,000
32750|9610|81799|3.1|4.08995|30922|200,000
33559|6659|81715|2.2|4.08575|30922|200,000
33186|23284|81599|7.5|4.07995|30922|200,000
30206|1175|81503|0.4|4.07515|30922|200,000
31764|738|81468|0.2|4.0734|30922|200,000
30736|15923|81445|5.1|4.07225|30922|200,000
33304|9566|81266|3.1|4.0633|30922|200,000
30220|1830|81250|0.6|4.0625|30922|200,000
33624|15656|81241|5.1|4.06205|30922|200,000
34137|115|81228|0|4.0614|30922|200,000
34772|9661|81169|3.1|4.05845|30922|200,000
32033|2027|81160|0.7|4.058|30922|200,000
30666|3394|81150|1.1|4.0575|30922|200,000
30813|14454|81133|4.7|4.05665|30922|200,000
32222|6327|81045|2|4.05225|30922|200,000
32068|20307|81030|6.6|4.0515|30922|200,000
34135|19810|81024|6.4|4.0512|30922|200,000
34747|9430|81019|3|4.05095|30922|200,000
32605|10758|80939|3.5|4.04695|30922|200,000
34292|8215|80824|2.7|4.0412|30922|200,000
30746|470|80769|0.2|4.03845|30922|200,000
31088|21189|80716|6.9|4.0358|30922|200,000
30464|50|80714|0|4.0357|30922|200,000
30253|20382|80697|6.6|4.03485|30922|200,000
33625|11369|80681|3.7|4.03405|30922|200,000
32764|1053|80675|0.3|4.03375|30922|200,000
33635|7547|80653|2.4|4.03265|30922|200,000
32257|17305|80644|5.6|4.0322|30922|200,000
31070|336|80625|0.1|4.03125|30922|200,000
31632|5098|80613|1.6|4.03065|30922|200,000
33176|18847|80612|6.1|4.0306|30922|200,000
32953|9655|80537|3.1|4.02685|30922|200,000
33308|15678|80445|5.1|4.02225|30922|200,000
32951|5751|80411|1.9|4.02055|30922|200,000
30120|14608|80370|4.7|4.0185|30922|200,000
34986|11871|80350|3.8|4.0175|30922|200,000
33324|19860|80348|6.4|4.0174|30922|200,000
30650|5227|80276|1.7|4.0138|30922|200,000
30248|10065|80151|3.3|4.00755|30922|200,000
33040|14911|80069|4.8|4.00345|30922|200,000
34987|6360|80065|2.1|4.00325|30922|200,000
30625|1085|80063|0.4|4.00315|30922|200,000
32550|4236|80000|1.4|4|30922|200,000
31008|7813|79957|2.5|3.99785|30922|200,000
34232|14870|79806|4.8|3.9903|30922|200,000
34953|25550|79777|8.3|3.98885|30922|200,000
30084|15027|79693|4.9|3.98465|30922|200,000
32580|1630|79643|0.5|3.98215|30922|200,000
33317|12755|79511|4.1|3.97555|30922|200,000
32227|561|79375|0.2|3.96875|30922|200,000
32233|9802|79363|3.2|3.96815|30922|200,000
34604|4463|79316|1.4|3.9658|30922|200,000
32531|2983|79258|1|3.9629|30922|200,000
33966|5130|79172|1.7|3.9586|30922|200,000
34114|9360|79130|3|3.9565|30922|200,000
31625|360|79103|0.1|3.95515|30922|200,000
32234|3055|78997|1|3.94985|30922|200,000
32658|60|78796|0|3.9398|30922|200,000
30426|365|78635|0.1|3.93175|30922|200,000
30563|2006|78594|0.6|3.9297|30922|200,000
31066|356|78537|0.1|3.92685|30922|200,000
34275|10329|78532|3.3|3.9266|30922|200,000
33143|13337|78525|4.3|3.92625|30922|200,000
30228|16380|78490|5.3|3.9245|30922|200,000
30308|14581|78429|4.7|3.92145|30922|200,000
30292|2147|78345|0.7|3.91725|30922|200,000
32825|20263|78321|6.6|3.91605|30922|200,000
33062|13541|78267|4.4|3.91335|30922|200,000
30575|516|78250|0.2|3.9125|30922|200,000
33616|6270|78176|2|3.9088|30922|200,000
33576|2770|78114|0.9|3.9057|30922|200,000
31712|404|78016|0.1|3.9008|30922|200,000
33157|21103|77994|6.8|3.8997|30922|200,000
33413|5517|77928|1.8|3.8964|30922|200,000
30105|923|77888|0.3|3.8944|30922|200,000
32536|8786|77864|2.8|3.8932|30922|200,000
30094|11935|77833|3.9|3.89165|30922|200,000
30620|4810|77833|1.6|3.89165|30922|200,000
30907|17874|77831|5.8|3.89155|30922|200,000
30275|126|77800|0|3.89|30922|200,000
33433|20017|77733|6.5|3.88665|30922|200,000
32606|10266|77733|3.3|3.88665|30922|200,000
34981|1844|77713|0.6|3.88565|30922|200,000
32128|9297|77589|3|3.87945|30922|200,000
33405|8341|77583|2.7|3.87915|30922|200,000
32565|2082|77553|0.7|3.87765|30922|200,000
33165|17306|77482|5.6|3.8741|30922|200,000
34288|5400|77440|1.7|3.872|30922|200,000
33428|15922|77322|5.1|3.8661|30922|200,000
31407|8006|77270|2.6|3.8635|30922|200,000
30295|1600|77260|0.5|3.863|30922|200,000
34243|13411|77236|4.3|3.8618|30922|200,000
30350|18395|77116|5.9|3.8558|30922|200,000
32220|4590|77038|1.5|3.8519|30922|200,000
33991|9452|76996|3.1|3.8498|30922|200,000
31326|8818|76960|2.9|3.848|30922|200,000
32927|10267|76843|3.3|3.84215|30922|200,000
30145|3234|76789|1|3.83945|30922|200,000
33708|7977|76684|2.6|3.8342|30922|200,000
32925|516|76667|0.2|3.83335|30922|200,000
31052|3112|76509|1|3.82545|30922|200,000
32043|11697|76405|3.8|3.82025|30922|200,000
32817|11611|76402|3.8|3.8201|30922|200,000
30137|700|76250|0.2|3.8125|30922|200,000
31721|7715|76243|2.5|3.81215|30922|200,000
31210|13778|76214|4.5|3.8107|30922|200,000
30740|2921|76088|0.9|3.8044|30922|200,000
34655|18505|76050|6|3.8025|30922|200,000
34734|1296|76017|0.4|3.80085|30922|200,000
33839|1146|75972|0.4|3.7986|30922|200,000
32413|7164|75970|2.3|3.7985|30922|200,000
32221|10732|75865|3.5|3.79325|30922|200,000
34209|14797|75739|4.8|3.78695|30922|200,000
33611|16728|75718|5.4|3.7859|30922|200,000
32801|9246|75646|3|3.7823|30922|200,000
33578|22572|75582|7.3|3.7791|30922|200,000
30143|9905|75567|3.2|3.77835|30922|200,000
33154|5666|75540|1.8|3.777|30922|200,000
30285|249|75469|0.1|3.77345|30922|200,000
33043|1918|75455|0.6|3.77275|30922|200,000
30124|1088|75406|0.4|3.7703|30922|200,000
33930|264|75152|0.1|3.7576|30922|200,000
32824|15895|75125|5.1|3.75625|30922|200,000
30341|13869|75104|4.5|3.7552|30922|200,000
32407|6459|75093|2.1|3.75465|30922|200,000
34714|8755|75029|2.8|3.75145|30922|200,000
34984|6452|74976|2.1|3.7488|30922|200,000
30543|1717|74908|0.6|3.7454|30922|200,000
30263|22003|74853|7.1|3.74265|30922|200,000
33931|4825|74838|1.6|3.7419|30922|200,000
33166|9834|74819|3.2|3.74095|30922|200,000
30179|6234|74773|2|3.73865|30922|200,000
31757|4155|74653|1.3|3.73265|30922|200,000
34736|9402|74530|3|3.7265|30922|200,000
33050|4256|74487|1.4|3.72435|30922|200,000
32246|23275|74401|7.5|3.72005|30922|200,000
33306|1647|74385|0.5|3.71925|30922|200,000
34233|8403|74365|2.7|3.71825|30922|200,000
30044|30389|74244|9.8|3.7122|30922|200,000
33954|4183|74221|1.4|3.71105|30922|200,000
33177|16240|74193|5.3|3.70965|30922|200,000
30511|1197|74115|0.4|3.70575|30922|200,000
32009|1413|74098|0.5|3.7049|30922|200,000
33549|7314|74094|2.4|3.7047|30922|200,000
30680|16289|74081|5.3|3.70405|30922|200,000
33426|10302|74073|3.3|3.70365|30922|200,000
33618|12184|74016|3.9|3.7008|30922|200,000
33070|2443|73885|0.8|3.69425|30922|200,000
33909|12681|73851|4.1|3.69255|30922|200,000
32327|10507|73829|3.4|3.69145|30922|200,000
31033|867|73750|0.3|3.6875|30922|200,000
33037|5613|73724|1.8|3.6862|30922|200,000
30257|1418|73721|0.5|3.68605|30922|200,000
32137|19504|73689|6.3|3.68445|30922|200,000
30294|15055|73608|4.9|3.6804|30922|200,000
33955|4894|73523|1.6|3.67615|30922|200,000
33437|18288|73502|5.9|3.6751|30922|200,000
34602|3198|73355|1|3.66775|30922|200,000
33953|2976|73294|1|3.6647|30922|200,000
33875|4681|73243|1.5|3.66215|30922|200,000
30121|9584|73200|3.1|3.66|30922|200,000
30523|4931|73131|1.6|3.65655|30922|200,000
31793|3362|73070|1.1|3.6535|30922|200,000
30103|4994|73012|1.6|3.6506|30922|200,000
30564|1890|72985|0.6|3.64925|30922|200,000
30814|3433|72977|1.1|3.64885|30922|200,000
34997|18841|72963|6.1|3.64815|30922|200,000
33312|18849|72955|6.1|3.64775|30922|200,000
33444|8822|72869|2.9|3.64345|30922|200,000
33455|9411|72735|3|3.63675|30922|200,000
30170|1156|72708|0.4|3.6354|30922|200,000
30092|15705|72707|5.1|3.63535|30922|200,000
31527|561|72689|0.2|3.63445|30922|200,000
34113|10424|72688|3.4|3.6344|30922|200,000
33914|17707|72662|5.7|3.6331|30922|200,000
30545|395|72604|0.1|3.6302|30922|200,000
31826|850|72593|0.3|3.62965|30922|200,000
30516|730|72593|0.2|3.62965|30922|200,000
30576|1124|72500|0.4|3.625|30922|200,000
31512|832|72500|0.3|3.625|30922|200,000
31067|92|72500|0|3.625|30922|200,000
33024|24650|72394|8|3.6197|30922|200,000
32308|11014|72383|3.6|3.61915|30922|200,000
31091|1157|72321|0.4|3.61605|30922|200,000
31787|547|72313|0.2|3.61565|30922|200,000
31028|2119|72265|0.7|3.61325|30922|200,000
32667|1816|72179|0.6|3.60895|30922|200,000
33184|6548|72172|2.1|3.6086|30922|200,000
33436|19472|72164|6.3|3.6082|30922|200,000
33193|15643|72155|5.1|3.60775|30922|200,000
30507|8685|72119|2.8|3.60595|30922|200,000
30067|19293|72083|6.2|3.60415|30922|200,000
34239|6871|72079|2.2|3.60395|30922|200,000
32738|15887|72044|5.1|3.6022|30922|200,000
33710|14261|72029|4.6|3.60145|30922|200,000
33774|8277|72022|2.7|3.6011|30922|200,000
32615|5993|71984|1.9|3.5992|30922|200,000
30619|651|71932|0.2|3.5966|30922|200,000
32162|30880|71894|10|3.5947|30922|200,000
30540|8356|71806|2.7|3.5903|30922|200,000
32909|12321|71783|4|3.58915|30922|200,000
34773|1384|71774|0.4|3.5887|30922|200,000
32439|5661|71685|1.8|3.58425|30922|200,000
34221|19085|71679|6.2|3.58395|30922|200,000
33175|17115|71621|5.5|3.58105|30922|200,000
33837|13314|71529|4.3|3.57645|30922|200,000
33772|9988|71464|3.2|3.5732|30922|200,000
31548|8530|71464|2.8|3.5732|30922|200,000
34480|8629|71410|2.8|3.5705|30922|200,000
30522|291|71406|0.1|3.5703|30922|200,000
30054|4297|71370|1.4|3.5685|30922|200,000
33950|12055|71357|3.9|3.56785|30922|200,000
30683|3006|71351|1|3.56755|30922|200,000
33137|11498|71348|3.7|3.5674|30922|200,000
34609|16734|71303|5.4|3.56515|30922|200,000
32567|1705|71205|0.6|3.56025|30922|200,000
30268|3977|71184|1.3|3.5592|30922|200,000
30113|2150|71087|0.7|3.55435|30922|200,000
33190|5373|71020|1.7|3.551|30922|200,000
30567|1398|71000|0.5|3.55|30922|200,000
33514|808|71000|0.3|3.55|30922|200,000
30013|9692|70987|3.1|3.54935|30922|200,000
32073|16087|70975|5.2|3.54875|30922|200,000
30016|19930|70933|6.4|3.54665|30922|200,000
30446|608|70833|0.2|3.54165|30922|200,000
33032|17014|70706|5.5|3.5353|30922|200,000
33511|22550|70696|7.3|3.5348|30922|200,000
30470|483|70650|0.2|3.5325|30922|200,000
30110|5279|70577|1.7|3.52885|30922|200,000
33438|196|70577|0.1|3.52885|30922|200,000
32086|13441|70571|4.3|3.52855|30922|200,000
30627|851|70571|0.3|3.52855|30922|200,000
30312|14120|70540|4.6|3.527|30922|200,000
30568|905|70511|0.3|3.52555|30922|200,000
32569|5106|70426|1.7|3.5213|30922|200,000
32771|21732|70388|7|3.5194|30922|200,000
32570|13957|70335|4.5|3.51675|30922|200,000
30739|2368|70302|0.8|3.5151|30922|200,000
32011|5681|70215|1.8|3.51075|30922|200,000
31029|6271|70177|2|3.50885|30922|200,000
30536|3593|70080|1.2|3.504|30922|200,000
32164|19649|70064|6.4|3.5032|30922|200,000
32757|12777|70044|4.1|3.5022|30922|200,000
30755|3833|69993|1.2|3.49965|30922|200,000
30329|10999|69912|3.6|3.4956|30922|200,000
32256|24284|69895|7.9|3.49475|30922|200,000
30461|6785|69790|2.2|3.4895|30922|200,000
31032|5210|69741|1.7|3.48705|30922|200,000
33566|7825|69712|2.5|3.4856|30922|200,000
30096|27352|69705|8.8|3.48525|30922|200,000
30216|908|69643|0.3|3.48215|30922|200,000
30318|25382|69640|8.2|3.482|30922|200,000
34235|7045|69623|2.3|3.48115|30922|200,000
33014|14420|69586|4.7|3.4793|30922|200,000
32526|16120|69533|5.2|3.47665|30922|200,000
30905|893|69511|0.3|3.47555|30922|200,000
31605|8982|69437|2.9|3.47185|30922|200,000
32735|2213|69316|0.7|3.4658|30922|200,000
30554|3125|69292|1|3.4646|30922|200,000
31773|1726|69286|0.6|3.4643|30922|200,000
33773|6829|69285|2.2|3.46425|30922|200,000
31823|320|69211|0.1|3.46055|30922|200,000
32190|528|69186|0.2|3.4593|30922|200,000
33015|23157|69169|7.5|3.45845|30922|200,000
32046|3717|69153|1.2|3.45765|30922|200,000
33971|8176|69061|2.6|3.45305|30922|200,000
32724|16443|69060|5.3|3.453|30922|200,000
34983|16114|69031|5.2|3.45155|30922|200,000
32504|9590|69017|3.1|3.45085|30922|200,000
32168|13727|68964|4.4|3.4482|30922|200,000
30648|1037|68911|0.3|3.44555|30922|200,000
33035|5474|68881|1.8|3.44405|30922|200,000
33534|5689|68875|1.8|3.44375|30922|200,000
33897|9688|68857|3.1|3.44285|30922|200,000
30224|10855|68835|3.5|3.44175|30922|200,000
33705|11400|68821|3.7|3.44105|30922|200,000
32063|4759|68750|1.5|3.4375|30922|200,000
33145|11809|68717|3.8|3.43585|30922|200,000
33527|5293|68713|1.7|3.43565|30922|200,000
31321|2766|68689|0.9|3.43445|30922|200,000
30038|14208|68650|4.6|3.4325|30922|200,000
32920|5765|68642|1.9|3.4321|30922|200,000
33884|13554|68638|4.4|3.4319|30922|200,000
31905|3239|68635|1|3.43175|30922|200,000
31011|231|68625|0.1|3.43125|30922|200,000
33716|10056|68488|3.3|3.4244|30922|200,000
33510|11482|68487|3.7|3.42435|30922|200,000
31550|357|68472|0.1|3.4236|30922|200,000
33908|20062|68445|6.5|3.42225|30922|200,000
31631|285|68428|0.1|3.4214|30922|200,000
31558|8667|68360|2.8|3.418|30922|200,000
30346|3059|68350|1|3.4175|30922|200,000
34737|1733|68348|0.6|3.4174|30922|200,000
33434|10683|68342|3.5|3.4171|30922|200,000
33905|14053|68335|4.5|3.41675|30922|200,000
30624|1377|68289|0.4|3.41445|30922|200,000
33309|13810|68274|4.5|3.4137|30922|200,000
32577|1724|68269|0.6|3.41345|30922|200,000
34473|7953|68253|2.6|3.41265|30922|200,000
32180|1369|68236|0.4|3.4118|30922|200,000
30710|2550|68227|0.8|3.41135|30922|200,000
30008|11832|68218|3.8|3.4109|30922|200,000
32435|2595|68208|0.8|3.4104|30922|200,000
30134|14966|68193|4.8|3.40965|30922|200,000
32539|11076|68183|3.6|3.40915|30922|200,000
30014|15323|68163|5|3.40815|30922|200,000
34957|10779|68110|3.5|3.4055|30922|200,000
34433|3149|68072|1|3.4036|30922|200,000
32405|12043|68070|3.9|3.4035|30922|200,000
30725|1684|68056|0.5|3.4028|30922|200,000
33713|14341|68022|4.6|3.4011|30922|200,000
30473|1012|68000|0.3|3.4|30922|200,000
34681|452|68000|0.1|3.4|30922|200,000
33896|7503|67999|2.4|3.39995|30922|200,000
34104|11060|67932|3.6|3.3966|30922|200,000
32784|4284|67931|1.4|3.39655|30922|200,000
32643|4122|67923|1.3|3.39615|30922|200,000
32456|3551|67922|1.1|3.3961|30922|200,000
30056|821|67917|0.3|3.39585|30922|200,000
33462|12602|67916|4.1|3.3958|30922|200,000
34286|7783|67867|2.5|3.39335|30922|200,000
30281|26844|67855|8.7|3.39275|30922|200,000
30233|8328|67823|2.7|3.39115|30922|200,000
33919|14231|67788|4.6|3.3894|30922|200,000
32084|13780|67727|4.5|3.38635|30922|200,000
31054|456|67692|0.1|3.3846|30922|200,000
33868|4210|67579|1.4|3.37895|30922|200,000
33872|5981|67576|1.9|3.3788|30922|200,000
34231|15180|67543|4.9|3.37715|30922|200,000
33445|13660|67500|4.4|3.375|30922|200,000
31831|1306|67391|0.4|3.36955|30922|200,000
30116|8761|67362|2.8|3.3681|30922|200,000
33446|14150|67273|4.6|3.36365|30922|200,000
33570|11058|67149|3.6|3.35745|30922|200,000
32725|18290|67131|5.9|3.35655|30922|200,000
32720|12592|67102|4.1|3.3551|30922|200,000
31216|6349|67073|2.1|3.35365|30922|200,000
30104|1702|67069|0.6|3.35345|30922|200,000
30504|9039|67046|2.9|3.3523|30922|200,000
34610|5820|67042|1.9|3.3521|30922|200,000
33990|13125|67030|4.2|3.3515|30922|200,000
33027|24914|67015|8.1|3.35075|30922|200,000
32907|16352|67002|5.3|3.3501|30922|200,000
32835|17642|66970|5.7|3.3485|30922|200,000
32625|725|66938|0.2|3.3469|30922|200,000
34945|1644|66917|0.5|3.34585|30922|200,000
33023|21052|66834|6.8|3.3417|30922|200,000
33463|20462|66830|6.6|3.3415|30922|200,000
33782|9387|66824|3|3.3412|30922|200,000
32812|13958|66774|4.5|3.3387|30922|200,000
33981|6121|66708|2|3.3354|30922|200,000
34112|12975|66692|4.2|3.3346|30922|200,000
33972|4617|66643|1.5|3.33215|30922|200,000
33351|12891|66611|4.2|3.33055|30922|200,000
34203|16637|66580|5.4|3.329|30922|200,000
32622|624|66563|0.2|3.32815|30922|200,000
33406|8587|66531|2.8|3.32655|30922|200,000
33021|19302|66515|6.2|3.32575|30922|200,000
31909|16017|66488|5.2|3.3244|30922|200,000
31069|8663|66485|2.8|3.32425|30922|200,000
30810|721|66484|0.2|3.3242|30922|200,000
32967|9497|66438|3.1|3.3219|30922|200,000
33761|8576|66438|2.8|3.3219|30922|200,000
31038|336|66406|0.1|3.3203|30922|200,000
30528|8541|66401|2.8|3.32005|30922|200,000
31744|1275|66377|0.4|3.31885|30922|200,000
30415|2328|66350|0.8|3.3175|30922|200,000
34116|10832|66302|3.5|3.3151|30922|200,000
34223|9930|66268|3.2|3.3134|30922|200,000
34762|130|66250|0|3.3125|30922|200,000
32404|15041|66230|4.9|3.3115|30922|200,000
33565|6281|66210|2|3.3105|30922|200,000
32040|2841|66182|0.9|3.3091|30922|200,000
33025|27473|66156|8.9|3.3078|30922|200,000
30641|673|66103|0.2|3.30515|30922|200,000
32542|911|66100|0.3|3.305|30922|200,000
31419|22438|66078|7.3|3.3039|30922|200,000
32087|1303|66056|0.4|3.3028|30922|200,000
33810|19229|66045|6.2|3.30225|30922|200,000
32966|9192|65923|3|3.29615|30922|200,000
30533|9677|65902|3.1|3.2951|30922|200,000
32054|3662|65893|1.2|3.29465|30922|200,000
32136|3900|65772|1.3|3.2886|30922|200,000
32564|900|65750|0.3|3.2875|30922|200,000
32502|1883|65713|0.6|3.28565|30922|200,000
30236|17534|65660|5.7|3.283|30922|200,000
30655|9697|65622|3.1|3.2811|30922|200,000
32174|23205|65503|7.5|3.27515|30922|200,000
33525|7369|65501|2.4|3.27505|30922|200,000
30106|9103|65447|2.9|3.27235|30922|200,000
33847|125|65391|0|3.26955|30922|200,000
34705|1131|65388|0.4|3.2694|30922|200,000
33334|12877|65379|4.2|3.26895|30922|200,000
31012|366|65313|0.1|3.26565|30922|200,000
31320|3561|65306|1.2|3.2653|30922|200,000
32568|1347|65296|0.4|3.2648|30922|200,000
32127|12874|65230|4.2|3.2615|30922|200,000
31090|389|65221|0.1|3.26105|30922|200,000
30410|667|65208|0.2|3.2604|30922|200,000
34746|16338|65167|5.3|3.25835|30922|200,000
33065|20071|65145|6.5|3.25725|30922|200,000
39841|303|65078|0.1|3.2539|30922|200,000
33701|9613|65058|3.1|3.2529|30922|200,000
31546|2718|65035|0.9|3.25175|30922|200,000
33584|9985|64993|3.2|3.24965|30922|200,000
34753|2069|64896|0.7|3.2448|30922|200,000
32145|2108|64868|0.7|3.2434|30922|200,000
32503|13196|64857|4.3|3.24285|30922|200,000
31525|11096|64856|3.6|3.2428|30922|200,000
32754|4432|64855|1.4|3.24275|30922|200,000
33634|7984|64830|2.6|3.2415|30922|200,000
33183|12349|64714|4|3.2357|30922|200,000
32958|12749|64698|4.1|3.2349|30922|200,000
30909|17703|64647|5.7|3.23235|30922|200,000
32408|8949|64561|2.9|3.22805|30922|200,000
30757|807|64561|0.3|3.22805|30922|200,000
32094|1074|64559|0.3|3.22795|30922|200,000
34491|13941|64546|4.5|3.2273|30922|200,000
32767|1061|64539|0.3|3.22695|30922|200,000
30313|3466|64514|1.1|3.2257|30922|200,000
34482|7871|64491|2.5|3.22455|30922|200,000
33922|1784|64461|0.6|3.22305|30922|200,000
32514|17638|64431|5.7|3.22155|30922|200,000
32466|2187|64424|0.7|3.2212|30922|200,000
32707|16207|64381|5.2|3.21905|30922|200,000
32218|24313|64298|7.9|3.2149|30922|200,000
32507|13620|64269|4.4|3.21345|30922|200,000
30571|1479|64185|0.5|3.20925|30922|200,000
30720|9256|64034|3|3.2017|30922|200,000
33976|4977|63992|1.6|3.1996|30922|200,000
32176|6880|63975|2.2|3.19875|30922|200,000
30218|549|63973|0.2|3.19865|30922|200,000
30168|8905|63956|2.9|3.1978|30922|200,000
30072|368|63929|0.1|3.19645|30922|200,000
30178|1398|63853|0.5|3.19265|30922|200,000
34698|18011|63824|5.8|3.1912|30922|200,000
31569|1874|63810|0.6|3.1905|30922|200,000
31097|456|63808|0.1|3.1904|30922|200,000
32656|5350|63707|1.7|3.18535|30922|200,000
32703|20148|63693|6.5|3.18465|30922|200,000
33435|14535|63691|4.7|3.18455|30922|200,000
34287|11330|63657|3.7|3.18285|30922|200,000
30175|2263|63525|0.7|3.17625|30922|200,000
33403|5117|63481|1.7|3.17405|30922|200,000
32666|2681|63395|0.9|3.16975|30922|200,000
32926|9436|63391|3.1|3.16955|30922|200,000
30273|5975|63380|1.9|3.169|30922|200,000
30566|3178|63375|1|3.16875|30922|200,000
32792|21924|63365|7.1|3.16825|30922|200,000
34744|19315|63320|6.2|3.166|30922|200,000
30058|21490|63316|6.9|3.1658|30922|200,000
30139|1736|63274|0.6|3.1637|30922|200,000
30557|1978|63261|0.6|3.16305|30922|200,000
33189|8431|63250|2.7|3.1625|30922|200,000
30707|6650|63250|2.2|3.1625|30922|200,000
33983|7201|63213|2.3|3.16065|30922|200,000
34222|6060|63142|2|3.1571|30922|200,000
32908|4608|63043|1.5|3.15215|30922|200,000
32024|7747|63013|2.5|3.15065|30922|200,000
30663|1088|63000|0.4|3.15|30922|200,000
30807|78|62895|0|3.14475|30922|200,000
31738|1150|62880|0.4|3.144|30922|200,000
34758|11574|62858|3.7|3.1429|30922|200,000
33064|22837|62808|7.4|3.1404|30922|200,000
31302|3031|62773|1|3.13865|30922|200,000
30529|4160|62772|1.3|3.1386|30922|200,000
33803|12370|62701|4|3.13505|30922|200,000
31406|13770|62698|4.5|3.1349|30922|200,000
33865|276|62689|0.1|3.13445|30922|200,000
34689|12099|62669|3.9|3.13345|30922|200,000
32714|15747|62581|5.1|3.12905|30922|200,000
34684|12988|62541|4.2|3.12705|30922|200,000
31308|3138|62500|1|3.125|30922|200,000
33827|881|62466|0.3|3.1233|30922|200,000
33860|8565|62429|2.8|3.12145|30922|200,000
33956|1773|62415|0.6|3.12075|30922|200,000
32347|2589|62411|0.8|3.12055|30922|200,000
33778|6421|62369|2.1|3.11845|30922|200,000
34476|11346|62283|3.7|3.11415|30922|200,000
33702|14135|62271|4.6|3.11355|30922|200,000
30071|8649|62262|2.8|3.1131|30922|200,000
30711|1430|62237|0.5|3.11185|30922|200,000
33904|14612|62177|4.7|3.10885|30922|200,000
31904|13933|62089|4.5|3.10445|30922|200,000
30815|14148|62081|4.6|3.10405|30922|200,000
31329|3218|62051|1|3.10255|30922|200,000
30628|1995|62035|0.6|3.10175|30922|200,000
33170|4433|62001|1.4|3.10005|30922|200,000
30705|12202|61990|3.9|3.0995|30922|200,000
33707|12745|61988|4.1|3.0994|30922|200,000
33809|11397|61911|3.7|3.09555|30922|200,000
33859|4441|61815|1.4|3.09075|30922|200,000
31645|1693|61806|0.5|3.0903|30922|200,000
33033|19948|61800|6.5|3.09|30922|200,000
33615|18681|61761|6|3.08805|30922|200,000
31072|394|61713|0.1|3.08565|30922|200,000
34759|13627|61644|4.4|3.0822|30922|200,000
33573|14479|61635|4.7|3.08175|30922|200,000
32204|4359|61609|1.4|3.08045|30922|200,000
34237|7227|61556|2.3|3.0778|30922|200,000
32216|17684|61536|5.7|3.0768|30922|200,000
34285|10360|61531|3.4|3.07655|30922|200,000
34654|8943|61517|2.9|3.07585|30922|200,000
33711|6284|61488|2|3.0744|30922|200,000
32141|8396|61456|2.7|3.0728|30922|200,000
32763|10443|61447|3.4|3.07235|30922|200,000
31778|1082|61439|0.3|3.07195|30922|200,000
32547|14883|61407|4.8|3.07035|30922|200,000
32701|11206|61404|3.6|3.0702|30922|200,000
32648|100|61346|0|3.0673|30922|200,000
33764|12469|61278|4|3.0639|30922|200,000
33141|16685|61205|5.4|3.06025|30922|200,000
33823|12752|61190|4.1|3.0595|30922|200,000
30512|10072|61169|3.3|3.05845|30922|200,000
32508|533|61094|0.2|3.0547|30922|200,000
32935|17764|61069|5.7|3.05345|30922|200,000
32548|10239|61037|3.3|3.05185|30922|200,000
32773|12310|61004|4|3.0502|30922|200,000
33947|4912|60984|1.6|3.0492|30922|200,000
32683|111|60984|0|3.0492|30922|200,000
33139|20113|60971|6.5|3.04855|30922|200,000
30079|1358|60859|0.4|3.04295|30922|200,000
32131|1732|60850|0.6|3.0425|30922|200,000
34994|7762|60815|2.5|3.04075|30922|200,000
33759|7598|60781|2.5|3.03905|30922|200,000
30331|25351|60748|8.2|3.0374|30922|200,000
31830|928|60692|0.3|3.0346|30922|200,000
39825|722|60669|0.2|3.03345|30922|200,000
33068|18532|60649|6|3.03245|30922|200,000
32962|9734|60649|3.1|3.03245|30922|200,000
33974|5277|60617|1.7|3.03085|30922|200,000
30646|3260|60545|1.1|3.02725|30922|200,000
32320|1652|60528|0.5|3.0264|30922|200,000
33409|11753|60484|3.8|3.0242|30922|200,000
31833|2522|60397|0.8|3.01985|30922|200,000
32129|10688|60390|3.5|3.0195|30922|200,000
30643|6576|60331|2.1|3.01655|30922|200,000
33603|8428|60324|2.7|3.0162|30922|200,000
31636|3962|60280|1.3|3.014|30922|200,000
32410|242|60152|0.1|3.0076|30922|200,000
33321|21766|60113|7|3.00565|30922|200,000
30147|1674|60113|0.5|3.00565|30922|200,000
32810|13560|60104|4.4|3.0052|30922|200,000
30572|487|60104|0.2|3.0052|30922|200,000
31024|9240|60102|3|3.0051|30922|200,000
32219|4945|60100|1.6|3.005|30922|200,000
30217|3525|60085|1.1|3.00425|30922|200,000
31017|631|60017|0.2|3.00085|30922|200,000
33765|6246|59965|2|2.99825|30922|200,000
33179|18433|59920|6|2.996|30922|200,000
33585|461|59909|0.1|2.99545|30922|200,000
32207|15907|59883|5.1|2.99415|30922|200,000
30530|2752|59881|0.9|2.99405|30922|200,000
32796|8447|59880|2.7|2.994|30922|200,000
33948|7839|59861|2.5|2.99305|30922|200,000
32244|24400|59848|7.9|2.9924|30922|200,000
31316|4071|59841|1.3|2.99205|30922|200,000
31065|433|59830|0.1|2.9915|30922|200,000
33314|10687|59765|3.5|2.98825|30922|200,000
30238|13660|59701|4.4|2.98505|30922|200,000
31629|298|59545|0.1|2.97725|30922|200,000
33001|172|59545|0.1|2.97725|30922|200,000
30088|10454|59435|3.4|2.97175|30922|200,000
32826|9314|59358|3|2.9679|30922|200,000
30427|3726|59324|1.2|2.9662|30922|200,000
32759|1031|59250|0.3|2.9625|30922|200,000
31822|2038|59231|0.7|2.96155|30922|200,000
33172|14485|59228|4.7|2.9614|30922|200,000
30046|13627|59225|4.4|2.96125|30922|200,000
30582|1954|59224|0.6|2.9612|30922|200,000
31637|1127|59097|0.4|2.95485|30922|200,000
30034|16447|59067|5.3|2.95335|30922|200,000
33322|18730|59066|6.1|2.9533|30922|200,000
31771|2136|59038|0.7|2.9519|30922|200,000
30425|565|59033|0.2|2.95165|30922|200,000
33138|12701|58990|4.1|2.9495|30922|200,000
33973|3992|58989|1.3|2.94945|30922|200,000
30520|1554|58981|0.5|2.94905|30922|200,000
30222|1871|58977|0.6|2.94885|30922|200,000
32217|8820|58975|2.9|2.94875|30922|200,000
31791|4372|58952|1.4|2.9476|30922|200,000
32780|16185|58940|5.2|2.947|30922|200,000
33980|6062|58919|2|2.94595|30922|200,000
34743|11942|58871|3.9|2.94355|30922|200,000
30521|1773|58869|0.6|2.94345|30922|200,000
30204|5131|58867|1.7|2.94335|30922|200,000
32430|313|58860|0.1|2.943|30922|200,000
32066|2026|58845|0.7|2.94225|30922|200,000
30296|9881|58799|3.2|2.93995|30922|200,000
30060|13594|58782|4.4|2.9391|30922|200,000
30501|11160|58777|3.6|2.93885|30922|200,000
30606|21193|58727|6.9|2.93635|30922|200,000
30349|30922|58713|10|2.93565|30922|200,000
30344|14954|58710|4.8|2.9355|30922|200,000
34474|7823|58678|2.5|2.9339|30922|200,000
33460|12767|58624|4.1|2.9312|30922|200,000
32303|21661|58592|7|2.9296|30922|200,000
30165|15296|58553|4.9|2.92765|30922|200,000
34607|3876|58464|1.3|2.9232|30922|200,000
32083|541|58438|0.2|2.9219|30922|200,000
32343|1103|58393|0.4|2.91965|30922|200,000
32139|284|58385|0.1|2.91925|30922|200,000
33144|9296|58382|3|2.9191|30922|200,000
33063|25161|58340|8.1|2.917|30922|200,000
33844|15616|58242|5.1|2.9121|30922|200,000
39877|178|58229|0.1|2.91145|30922|200,000
30701|14965|58209|4.8|2.91045|30922|200,000
34608|14256|58194|4.6|2.9097|30922|200,000
33160|19954|58174|6.5|2.9087|30922|200,000
32333|4677|58169|1.5|2.90845|30922|200,000
33056|11593|58160|3.7|2.908|30922|200,000
31544|146|58158|0|2.9079|30922|200,000
33712|9436|58137|3.1|2.90685|30922|200,000
31318|177|58125|0.1|2.90625|30922|200,000
32693|4221|58095|1.4|2.90475|30922|200,000
33756|13241|58059|4.3|2.90295|30922|200,000
33597|3457|57981|1.1|2.89905|30922|200,000
33830|10499|57904|3.4|2.8952|30922|200,000
30258|971|57804|0.3|2.8902|30922|200,000
31002|1037|57781|0.3|2.88905|30922|200,000
34446|8336|57773|2.7|2.88865|30922|200,000
33461|15820|57762|5.1|2.8881|30922|200,000
32205|14491|57758|4.7|2.8879|30922|200,000
32058|1397|57716|0.5|2.8858|30922|200,000
32618|3441|57674|1.1|2.8837|30922|200,000
33513|4250|57634|1.4|2.8817|30922|200,000
33069|11719|57614|3.8|2.8807|30922|200,000
30240|11006|57589|3.6|2.87945|30922|200,000
32726|9506|57583|3.1|2.87915|30922|200,000
33607|11163|57581|3.6|2.87905|30922|200,000
30340|10956|57564|3.5|2.8782|30922|200,000
32328|1578|57500|0.5|2.875|30922|200,000
30525|3071|57475|1|2.87375|30922|200,000
30607|4151|57455|1.3|2.87275|30922|200,000
34952|17495|57387|5.7|2.86935|30922|200,000
34769|9250|57378|3|2.8689|30922|200,000
32506|14547|57302|4.7|2.8651|30922|200,000
32664|137|57279|0|2.86395|30922|200,000
32608|22032|57249|7.1|2.86245|30922|200,000
32821|8654|57098|2.8|2.8549|30922|200,000
32778|10820|57071|3.5|2.85355|30922|200,000
32807|12760|57039|4.1|2.85195|30922|200,000
33521|259|57031|0.1|2.85155|30922|200,000
30176|2945|56992|1|2.8496|30922|200,000
33851|283|56938|0.1|2.8469|30922|200,000
33523|6683|56896|2.2|2.8448|30922|200,000
34951|7136|56870|2.3|2.8435|30922|200,000
30012|11576|56825|3.7|2.84125|30922|200,000
31516|5931|56825|1.9|2.84125|30922|200,000
34210|7701|56799|2.5|2.83995|30922|200,000
30735|2067|56791|0.7|2.83955|30922|200,000
33404|11674|56667|3.8|2.83335|30922|200,000
33592|4064|56600|1.3|2.83|30922|200,000
32130|1888|56579|0.6|2.82895|30922|200,000
31565|988|56563|0.3|2.82815|30922|200,000
33982|4262|56518|1.4|2.8259|30922|200,000
32534|6928|56517|2.2|2.82585|30922|200,000
30565|1750|56471|0.6|2.82355|30922|200,000
33169|13254|56415|4.3|2.82075|30922|200,000
34471|10884|56382|3.5|2.8191|30922|200,000
33855|41|56302|0|2.8151|30922|200,000
32409|3835|56276|1.2|2.8138|30922|200,000
33771|13248|56275|4.3|2.81375|30922|200,000
32079|180|56250|0.1|2.8125|30922|200,000
30417|4086|56236|1.3|2.8118|30922|200,000
30122|10603|56196|3.4|2.8098|30922|200,000
32346|938|56176|0.3|2.8088|30922|200,000
33760|7543|56173|2.4|2.80865|30922|200,000
39837|2576|56145|0.8|2.80725|30922|200,000
33167|6639|56044|2.1|2.8022|30922|200,000
32619|2023|56019|0.7|2.80095|30922|200,000
31049|620|55952|0.2|2.7976|30922|200,000
32210|26800|55910|8.7|2.7955|30922|200,000
33168|6486|55866|2.1|2.7933|30922|200,000
34472|12240|55798|4|2.7899|30922|200,000
34429|4248|55797|1.4|2.78985|30922|200,000
33637|7572|55748|2.4|2.7874|30922|200,000
33060|14079|55733|4.6|2.78665|30922|200,000
30513|5411|55648|1.7|2.7824|30922|200,000
32686|2238|55641|0.7|2.78205|30922|200,000
33619|14141|55610|4.6|2.7805|30922|200,000
33903|11482|55596|3.7|2.7798|30922|200,000
31313|15355|55579|5|2.77895|30922|200,000
34208|13815|55576|4.5|2.7788|30922|200,000
30824|6601|55540|2.1|2.777|30922|200,000
30708|151|55521|0|2.77605|30922|200,000
30161|12846|55496|4.2|2.7748|30922|200,000
30559|2146|55441|0.7|2.77205|30922|200,000
34731|4866|55379|1.6|2.76895|30922|200,000
33130|16915|55285|5.5|2.76425|30922|200,000
34465|8163|55256|2.6|2.7628|30922|200,000
32159|16184|55244|5.2|2.7622|30922|200,000
33401|14332|55238|4.6|2.7619|30922|200,000
30182|1378|55235|0.4|2.76175|30922|200,000
33174|11050|55230|3.6|2.7615|30922|200,000
34142|8577|55225|2.8|2.76125|30922|200,000
31014|4404|55207|1.4|2.76035|30922|200,000
34461|4645|55170|1.5|2.7585|30922|200,000
30823|595|55170|0.2|2.7585|30922|200,000
34452|5452|55122|1.8|2.7561|30922|200,000
30752|3528|55083|1.1|2.75415|30922|200,000
30546|3739|55076|1.2|2.7538|30922|200,000
32445|457|55032|0.1|2.7516|30922|200,000
33440|6978|54938|2.3|2.7469|30922|200,000
33162|14978|54884|4.8|2.7442|30922|200,000
33055|11898|54869|3.8|2.74345|30922|200,000
33013|9356|54842|3|2.7421|30922|200,000
32334|612|54828|0.2|2.7414|30922|200,000
32431|1852|54821|0.6|2.74105|30922|200,000
32464|1457|54816|0.5|2.7408|30922|200,000
31775|1030|54797|0.3|2.73985|30922|200,000
30032|15879|54787|5.1|2.73935|30922|200,000
34479|5389|54704|1.7|2.7352|30922|200,000
34669|5713|54698|1.8|2.7349|30922|200,000
32696|5485|54688|1.8|2.7344|30922|200,000
30531|3921|54688|1.3|2.7344|30922|200,000
34234|8828|54669|2.9|2.73345|30922|200,000
30803|328|54630|0.1|2.7315|30922|200,000
33181|8384|54618|2.7|2.7309|30922|200,000
31331|2466|54543|0.8|2.72715|30922|200,000
39827|1894|54500|0.6|2.725|30922|200,000
31626|1305|54464|0.4|2.7232|30922|200,000
31806|1522|54429|0.5|2.72145|30922|200,000
31061|15071|54391|4.9|2.71955|30922|200,000
31030|6045|54322|2|2.7161|30922|200,000
34972|6035|54315|2|2.71575|30922|200,000
31716|1176|54300|0.4|2.715|30922|200,000
30185|1528|54286|0.5|2.7143|30922|200,000
30117|13522|54276|4.4|2.7138|30922|200,000
34434|3682|54202|1.2|2.7101|30922|200,000
31405|14707|54197|4.8|2.70985|30922|200,000
32818|17803|54178|5.8|2.7089|30922|200,000
32640|4148|54162|1.3|2.7081|30922|200,000
32905|10492|54145|3.4|2.70725|30922|200,000
30662|3131|54070|1|2.7035|30922|200,000
32211|13533|54058|4.4|2.7029|30922|200,000
33852|9361|54055|3|2.70275|30922|200,000
32277|12792|53931|4.1|2.69655|30922|200,000
32970|52|53929|0|2.69645|30922|200,000
30260|8920|53809|2.9|2.69045|30922|200,000
30553|3355|53786|1.1|2.6893|30922|200,000
32798|1274|53782|0.4|2.6891|30922|200,000
30035|7314|53780|2.4|2.689|30922|200,000
33898|6884|53717|2.2|2.68585|30922|200,000
33319|20966|53705|6.8|2.68525|30922|200,000
33849|221|53646|0.1|2.6823|30922|200,000
31019|966|53571|0.3|2.67855|30922|200,000
33880|15169|53569|4.9|2.67845|30922|200,000
34613|8480|53544|2.7|2.6772|30922|200,000
30251|842|53512|0.3|2.6756|30922|200,000
33415|18334|53496|5.9|2.6748|30922|200,000
33066|8420|53460|2.7|2.673|30922|200,000
33770|11410|53456|3.7|2.6728|30922|200,000
30230|3681|53444|1.2|2.6722|30922|200,000
31555|1161|53438|0.4|2.6719|30922|200,000
30668|916|53417|0.3|2.67085|30922|200,000
33876|2523|53388|0.8|2.6694|30922|200,000
30738|1366|53228|0.4|2.6614|30922|200,000
33016|15621|53180|5.1|2.659|30922|200,000
34788|9313|53140|3|2.657|30922|200,000
30552|663|53125|0.2|2.65625|30922|200,000
31907|23448|53099|7.6|2.65495|30922|200,000
30153|6169|53094|2|2.6547|30922|200,000
33441|12499|53080|4|2.654|30922|200,000
33563|9808|53068|3.2|2.6534|30922|200,000
30450|805|53036|0.3|2.6518|30922|200,000
32423|475|53016|0.2|2.6508|30922|200,000
31064|3637|53006|1.2|2.6503|30922|200,000
32440|2300|52979|0.7|2.64895|30922|200,000
30734|1160|52917|0.4|2.64585|30922|200,000
31783|588|52885|0.2|2.64425|30922|200,000
31790|630|52837|0.2|2.64185|30922|200,000
34982|10833|52820|3.5|2.641|30922|200,000
30293|816|52784|0.3|2.6392|30922|200,000
32118|9885|52765|3.2|2.63825|30922|200,000
31092|1962|52665|0.6|2.63325|30922|200,000
31016|740|52500|0.2|2.625|30922|200,000
34269|2243|52473|0.7|2.62365|30922|200,000
32060|7820|52463|2.5|2.62315|30922|200,000
32102|1086|52415|0.4|2.62075|30922|200,000
33952|14697|52312|4.8|2.6156|30922|200,000
34606|12416|52274|4|2.6137|30922|200,000
30830|4832|52202|1.6|2.6101|30922|200,000
33407|12343|52160|4|2.608|30922|200,000
34224|7688|52129|2.5|2.60645|30922|200,000
31563|526|52083|0.2|2.60415|30922|200,000
30577|8310|51988|2.7|2.5994|30922|200,000
30558|1782|51977|0.6|2.59885|30922|200,000
33781|10300|51958|3.3|2.5979|30922|200,000
33604|15621|51918|5.1|2.5959|30922|200,000
30733|885|51893|0.3|2.59465|30922|200,000
32091|5714|51890|1.8|2.5945|30922|200,000
32668|2175|51843|0.7|2.59215|30922|200,000
30669|1028|51818|0.3|2.5909|30922|200,000
31801|1159|51810|0.4|2.5905|30922|200,000
30538|1403|51789|0.5|2.58945|30922|200,000
33442|15439|51778|5|2.5889|30922|200,000
30721|18475|51775|6|2.58875|30922|200,000
31568|250|51759|0.1|2.58795|30922|200,000
33126|18073|51733|5.8|2.58665|30922|200,000
33848|148|51700|0|2.585|30922|200,000
33881|14359|51685|4.6|2.58425|30922|200,000
32331|1767|51678|0.6|2.5839|30922|200,000
31037|785|51625|0.3|2.58125|30922|200,000
30474|6074|51580|2|2.579|30922|200,000
32822|23943|51555|7.7|2.57775|30922|200,000
30223|14645|51542|4.7|2.5771|30922|200,000
31722|241|51518|0.1|2.5759|30922|200,000
32839|17422|51516|5.6|2.5758|30922|200,000
32119|10750|51484|3.5|2.5742|30922|200,000
31772|215|51467|0.1|2.57335|30922|200,000
30354|6441|51424|2.1|2.5712|30922|200,000
30336|213|51415|0.1|2.57075|30922|200,000
30421|1067|51290|0.3|2.5645|30922|200,000
33541|10077|51246|3.3|2.5623|30922|200,000
34442|7843|51216|2.5|2.5608|30922|200,000
30673|2859|51186|0.9|2.5593|30922|200,000
33834|1544|51154|0.5|2.5577|30922|200,000
30108|2873|51135|0.9|2.55675|30922|200,000
39815|527|51133|0.2|2.55665|30922|200,000
33907|11244|51122|3.6|2.5561|30922|200,000
30456|993|51083|0.3|2.55415|30922|200,000
30452|553|51083|0.2|2.55415|30922|200,000
32025|8229|51081|2.7|2.55405|30922|200,000
33917|14385|51070|4.7|2.5535|30922|200,000
32681|83|51061|0|2.55305|30922|200,000
30560|1872|51053|0.6|2.55265|30922|200,000
33484|14463|51036|4.7|2.5518|30922|200,000
30083|20349|51017|6.6|2.55085|30922|200,000
33805|9707|51006|3.1|2.5503|30922|200,000
34748|20021|50953|6.5|2.54765|30922|200,000
33755|10562|50866|3.4|2.5433|30922|200,000
32694|1064|50854|0.3|2.5427|30922|200,000
31639|3834|50833|1.2|2.54165|30922|200,000
34481|12644|50822|4.1|2.5411|30922|200,000
34453|4405|50803|1.4|2.54015|30922|200,000
30629|1725|50733|0.6|2.53665|30922|200,000
30241|9201|50647|3|2.53235|30922|200,000
39834|721|50625|0.2|2.53125|30922|200,000
31503|7455|50559|2.4|2.52795|30922|200,000
30535|3004|50545|1|2.52725|30922|200,000
32110|3478|50528|1.1|2.5264|30922|200,000
31602|13475|50502|4.4|2.5251|30922|200,000
32055|6305|50461|2|2.52305|30922|200,000
32433|6833|50424|2.2|2.5212|30922|200,000
31554|1928|50400|0.6|2.52|30922|200,000
34420|6953|50355|2.2|2.51775|30922|200,000
33020|20012|50339|6.5|2.51695|30922|200,000
30274|13087|50337|4.2|2.51685|30922|200,000
33763|9970|50295|3.2|2.51475|30922|200,000
32052|2210|50284|0.7|2.5142|30922|200,000
39823|3170|50234|1|2.5117|30922|200,000
32809|9352|50220|3|2.511|30922|200,000
31796|439|50216|0.1|2.5108|30922|200,000
30420|734|50214|0.2|2.5107|30922|200,000
31747|68|50192|0|2.5096|30922|200,000
32446|3824|50185|1.2|2.50925|30922|200,000
33614|18644|50168|6|2.5084|30922|200,000
32038|3934|50098|1.3|2.5049|30922|200,000
34428|4099|50075|1.3|2.50375|30922|200,000
30021|6767|50020|2.2|2.501|30922|200,000
32621|2238|49980|0.7|2.499|30922|200,000
30808|1557|49964|0.5|2.4982|30922|200,000
31401|8786|49881|2.8|2.49405|30922|200,000
34601|10305|49856|3.3|2.4928|30922|200,000
32117|12440|49848|4|2.4924|30922|200,000
31309|248|49844|0.1|2.4922|30922|200,000
34498|302|49833|0.1|2.49165|30922|200,000
33843|4004|49812|1.3|2.4906|30922|200,000
39897|1427|49810|0.5|2.4905|30922|200,000
33850|3378|49801|1.1|2.49005|30922|200,000
32344|4771|49785|1.5|2.48925|30922|200,000
32960|9756|49634|3.2|2.4817|30922|200,000
30337|5031|49558|1.6|2.4779|30922|200,000
30125|8650|49507|2.8|2.47535|30922|200,000
31535|4355|49379|1.4|2.46895|30922|200,000
34667|15065|49334|4.9|2.4667|30922|200,000
34449|1521|49331|0.5|2.46655|30922|200,000
30401|5048|49292|1.6|2.4646|30922|200,000
30678|454|49224|0.1|2.4612|30922|200,000
33890|1469|49219|0.5|2.46095|30922|200,000
30805|846|49167|0.3|2.45835|30922|200,000
33161|17162|49159|5.6|2.45795|30922|200,000
33838|1556|49118|0.5|2.4559|30922|200,000
32305|7513|49093|2.4|2.45465|30922|200,000
39870|720|49038|0.2|2.4519|30922|200,000
31079|1068|49000|0.3|2.45|30922|200,000
32428|6165|48984|2|2.4492|30922|200,000
32132|3776|48925|1.2|2.44625|30922|200,000
34652|11394|48891|3.7|2.44455|30922|200,000
31022|724|48889|0.2|2.44445|30922|200,000
34205|12978|48859|4.2|2.44295|30922|200,000
30288|2961|48839|1|2.44195|30922|200,000
30633|2908|48815|0.9|2.44075|30922|200,000
31518|253|48807|0.1|2.44035|30922|200,000
31733|555|48750|0.2|2.4375|30922|200,000
31816|2241|48728|0.7|2.4364|30922|200,000
30817|2964|48684|1|2.4342|30922|200,000
32948|1600|48657|0.5|2.43285|30922|200,000
32607|13077|48656|4.2|2.4328|30922|200,000
31007|315|48603|0.1|2.43015|30922|200,000
31315|2390|48538|0.8|2.4269|30922|200,000
31730|3377|48527|1.1|2.42635|30922|200,000
30093|18891|48489|6.1|2.42445|30922|200,000
34974|10225|48462|3.3|2.4231|30922|200,000
31812|193|48417|0.1|2.42085|30922|200,000
32059|1068|48362|0.3|2.4181|30922|200,000
30286|9071|48346|2.9|2.4173|30922|200,000
30634|730|48314|0.2|2.4157|30922|200,000
31063|1743|48184|0.6|2.4092|30922|200,000
31620|4133|48177|1.3|2.40885|30922|200,000
34956|2402|48138|0.8|2.4069|30922|200,000
30412|66|48125|0|2.40625|30922|200,000
32179|3858|48108|1.2|2.4054|30922|200,000
33493|733|48080|0.2|2.404|30922|200,000
33709|10850|48049|3.5|2.40245|30922|200,000
33311|24694|48020|8|2.401|30922|200,000
32460|1628|48000|0.5|2.4|30922|200,000
32321|1774|47963|0.6|2.39815|30922|200,000
32350|690|47946|0.2|2.3973|30922|200,000
30667|360|47941|0.1|2.39705|30922|200,000
39817|3774|47914|1.2|2.3957|30922|200,000
31788|3702|47875|1.2|2.39375|30922|200,000
30741|11858|47850|3.8|2.3925|30922|200,000
31634|1868|47778|0.6|2.3889|30922|200,000
34207|14675|47711|4.7|2.38555|30922|200,000
34431|3870|47632|1.3|2.3816|30922|200,000
33610|16487|47591|5.3|2.37955|30922|200,000
31606|1383|47585|0.4|2.37925|30922|200,000
34436|3657|47580|1.2|2.379|30922|200,000
31211|6129|47560|2|2.378|30922|200,000
32455|1728|47547|0.6|2.37735|30922|200,000
39846|563|47534|0.2|2.3767|30922|200,000
31031|2536|47500|0.8|2.375|30922|200,000
31622|768|47500|0.2|2.375|30922|200,000
32355|148|47500|0|2.375|30922|200,000
31009|508|47453|0.2|2.37265|30922|200,000
31082|4022|47449|1.3|2.37245|30922|200,000
30510|2481|47420|0.8|2.371|30922|200,000
30454|130|47368|0|2.3684|30922|200,000
33538|2528|47306|0.8|2.3653|30922|200,000
33417|16131|47293|5.2|2.36465|30922|200,000
39867|116|47292|0|2.3646|30922|200,000
31707|11421|47286|3.7|2.3643|30922|200,000
32193|616|47237|0.2|2.36185|30922|200,000
32301|14465|47222|4.7|2.3611|30922|200,000
32702|1235|47179|0.4|2.35895|30922|200,000
32437|311|47176|0.1|2.3588|30922|200,000
30173|2713|47158|0.9|2.3579|30922|200,000
32901|11148|47115|3.6|2.35575|30922|200,000
34470|8807|47098|2.8|2.3549|30922|200,000
32352|2151|47070|0.7|2.3535|30922|200,000
33935|7437|47027|2.4|2.35135|30922|200,000
30753|2381|47017|0.8|2.35085|30922|200,000
30311|14984|46988|4.8|2.3494|30922|200,000
32442|1442|46964|0.5|2.3482|30922|200,000
33901|9551|46903|3.1|2.34515|30922|200,000
32096|1169|46875|0.4|2.34375|30922|200,000
31035|416|46875|0.1|2.34375|30922|200,000
31050|511|46789|0.2|2.33945|30922|200,000
32811|13958|46772|4.5|2.3386|30922|200,000
32976|5089|46760|1.6|2.338|30922|200,000
31836|376|46711|0.1|2.33555|30922|200,000
32420|1275|46703|0.4|2.33515|30922|200,000
30728|7227|46702|2.3|2.3351|30922|200,000
30605|17651|46701|5.7|2.33505|30922|200,000
31557|1299|46681|0.4|2.33405|30922|200,000
31408|3827|46635|1.2|2.33175|30922|200,000
31827|889|46632|0.3|2.3316|30922|200,000
31301|1714|46618|0.6|2.3309|30922|200,000
31794|10472|46613|3.4|2.33065|30922|200,000
32401|8613|46603|2.8|2.33015|30922|200,000
30730|627|46603|0.2|2.33015|30922|200,000
31542|914|46496|0.3|2.3248|30922|200,000
30458|17022|46451|5.5|2.32255|30922|200,000
39828|5285|46433|1.7|2.32165|30922|200,000
31792|9498|46414|3.1|2.3207|30922|200,000
30439|3887|46388|1.3|2.3194|30922|200,000
33916|10054|46342|3.3|2.3171|30922|200,000
39862|386|46333|0.1|2.31665|30922|200,000
30828|1378|46324|0.4|2.3162|30922|200,000
32443|1004|46274|0.3|2.3137|30922|200,000
31021|10137|46258|3.3|2.3129|30922|200,000
31083|64|46250|0|2.3125|30922|200,000
33540|4504|46233|1.5|2.31165|30922|200,000
31537|3368|46159|1.1|2.30795|30922|200,000
32348|3973|46157|1.3|2.30785|30922|200,000
30631|657|46127|0.2|2.30635|30922|200,000
31027|3930|46020|1.3|2.301|30922|200,000
33825|10047|46017|3.2|2.30085|30922|200,000
31519|1376|45938|0.4|2.2969|30922|200,000
30562|280|45938|0.1|2.2969|30922|200,000
33801|11696|45932|3.8|2.2966|30922|200,000
32617|1473|45931|0.5|2.29655|30922|200,000
30731|1096|45909|0.4|2.29545|30922|200,000
31404|13043|45872|4.2|2.2936|30922|200,000
33004|7391|45836|2.4|2.2918|30922|200,000
33714|8241|45820|2.7|2.291|30922|200,000
34653|15409|45795|5|2.28975|30922|200,000
33617|19942|45719|6.4|2.28595|30922|200,000
34448|4661|45685|1.5|2.28425|30922|200,000
30310|11823|45641|3.8|2.28205|30922|200,000
31774|2370|45625|0.8|2.28125|30922|200,000
32322|1186|45625|0.4|2.28125|30922|200,000
31081|20|45625|0|2.28125|30922|200,000
31093|11134|45619|3.6|2.28095|30922|200,000
34432|5694|45583|1.8|2.27915|30922|200,000
31015|7533|45578|2.4|2.2789|30922|200,000
31789|567|45539|0.2|2.27695|30922|200,000
32359|538|45500|0.2|2.275|30922|200,000
32177|10440|45455|3.4|2.27275|30922|200,000
32212|222|45366|0.1|2.2683|30922|200,000
32626|3528|45311|1.1|2.26555|30922|200,000
32609|7486|45301|2.4|2.26505|30922|200,000
30291|10389|45290|3.4|2.2645|30922|200,000
39861|434|45263|0.1|2.26315|30922|200,000
31533|6139|45223|2|2.26115|30922|200,000
30436|4217|45214|1.4|2.2607|30922|200,000
32680|4199|45182|1.4|2.2591|30922|200,000
32730|2883|45169|0.9|2.25845|30922|200,000
39845|3302|45149|1.1|2.25745|30922|200,000
32008|2554|45118|0.8|2.2559|30922|200,000
34691|9148|45110|3|2.2555|30922|200,000
33542|10668|45099|3.4|2.25495|30922|200,000
33147|14613|45092|4.7|2.2546|30922|200,000
31023|5101|45084|1.6|2.2542|30922|200,000
39824|210|45043|0.1|2.25215|30922|200,000
31815|754|45000|0.2|2.25|30922|200,000
31060|626|45000|0.2|2.25|30922|200,000
33009|20753|44949|6.7|2.24745|30922|200,000
30453|2461|44942|0.8|2.2471|30922|200,000
30635|6313|44933|2|2.24665|30922|200,000
31560|981|44906|0.3|2.2453|30922|200,000
32922|6574|44898|2.1|2.2449|30922|200,000
30234|879|44849|0.3|2.24245|30922|200,000
32465|2426|44781|0.8|2.23905|30922|200,000
30467|3918|44701|1.3|2.23505|30922|200,000
31803|1824|44493|0.6|2.22465|30922|200,000
39813|803|44472|0.3|2.2236|30922|200,000
31510|3205|44438|1|2.2219|30922|200,000
30413|585|44427|0.2|2.22135|30922|200,000
30742|3412|44294|1.1|2.2147|30922|200,000
30906|20965|44271|6.8|2.21355|30922|200,000
30297|10234|44267|3.3|2.21335|30922|200,000
31552|288|44224|0.1|2.2112|30922|200,000
31323|642|44167|0.2|2.20835|30922|200,000
31768|8148|44113|2.6|2.20565|30922|200,000
34488|4967|44047|1.6|2.20235|30922|200,000
33870|11070|43915|3.6|2.19575|30922|200,000
32148|4333|43891|1.4|2.19455|30922|200,000
31650|1260|43804|0.4|2.1902|30922|200,000
30434|1998|43750|0.6|2.1875|30922|200,000
32808|19816|43726|6.4|2.1863|30922|200,000
31551|364|43676|0.1|2.1838|30922|200,000
31036|3399|43665|1.1|2.18325|30922|200,000
32330|283|43648|0.1|2.1824|30922|200,000
31805|942|43646|0.3|2.1823|30922|200,000
33936|9756|43640|3.2|2.182|30922|200,000
30455|275|43583|0.1|2.17915|30922|200,000
31096|2513|43578|0.8|2.1789|30922|200,000
32071|1295|43510|0.4|2.1755|30922|200,000
39819|4475|43494|1.4|2.1747|30922|200,000
31075|925|43455|0.3|2.17275|30922|200,000
34668|20909|43376|6.8|2.1688|30922|200,000
31553|1870|43348|0.6|2.1674|30922|200,000
33313|21950|43282|7.1|2.1641|30922|200,000
30411|1063|43218|0.3|2.1609|30922|200,000
39836|171|43208|0.1|2.1604|30922|200,000
33034|5930|43015|1.9|2.15075|30922|200,000
30428|521|43008|0.2|2.1504|30922|200,000
33430|6273|42968|2|2.1484|30922|200,000
31647|985|42938|0.3|2.1469|30922|200,000
31006|1603|42886|0.5|2.1443|30922|200,000
30747|5927|42820|1.9|2.141|30922|200,000
34450|5004|42815|1.6|2.14075|30922|200,000
31305|2255|42799|0.7|2.13995|30922|200,000
32134|3202|42788|1|2.1394|30922|200,000
32044|749|42693|0.2|2.13465|30922|200,000
34741|17453|42664|5.6|2.1332|30922|200,000
31085|389|42639|0.1|2.13195|30922|200,000
34785|5831|42496|1.9|2.1248|30922|200,000
32112|2861|42459|0.9|2.12295|30922|200,000
33853|4719|42397|1.5|2.11985|30922|200,000
30833|1330|42361|0.4|2.11805|30922|200,000
30537|722|42292|0.2|2.1146|30922|200,000
31562|708|42292|0.2|2.1146|30922|200,000
31624|538|42273|0.2|2.11365|30922|200,000
30820|379|42250|0.1|2.1125|30922|200,000
31513|6024|42244|1.9|2.1122|30922|200,000
31798|539|42234|0.2|2.1117|30922|200,000
32189|2394|42212|0.8|2.1106|30922|200,000
34690|5419|42088|1.8|2.1044|30922|200,000
31825|1178|42077|0.4|2.10385|30922|200,000
33612|18908|41984|6.1|2.0992|30922|200,000
30070|22|41964|0|2.0982|30922|200,000
32421|1310|41923|0.4|2.09615|30922|200,000
33012|25048|41921|8.1|2.09605|30922|200,000
33613|16138|41841|5.2|2.09205|30922|200,000
32113|2238|41750|0.7|2.0875|30922|200,000
31545|5742|41670|1.9|2.0835|30922|200,000
32425|4978|41658|1.6|2.0829|30922|200,000
32324|1647|41418|0.5|2.0709|30922|200,000
32424|2252|41400|0.7|2.07|30922|200,000
30429|42|41375|0|2.06875|30922|200,000
34266|9972|41328|3.2|2.0664|30922|200,000
30821|368|41284|0.1|2.0642|30922|200,000
31539|5164|41219|1.7|2.06095|30922|200,000
32062|636|41200|0.2|2.06|30922|200,000
30904|9876|41189|3.2|2.05945|30922|200,000
31217|6420|41145|2.1|2.05725|30922|200,000
33010|15709|41053|5.1|2.05265|30922|200,000
31765|962|40938|0.3|2.0469|30922|200,000
39854|1026|40769|0.3|2.03845|30922|200,000
32114|14562|40726|4.7|2.0363|30922|200,000
31635|2556|40704|0.8|2.0352|30922|200,000
31018|553|40644|0.2|2.0322|30922|200,000
30477|1019|40642|0.3|2.0321|30922|200,000
33873|4880|40625|1.6|2.03125|30922|200,000
31719|2716|40600|0.9|2.03|30922|200,000
31076|1134|40560|0.4|2.028|30922|200,000
32438|1856|40526|0.6|2.0263|30922|200,000
31643|3555|40250|1.1|2.0125|30922|200,000
31204|12337|40228|4|2.0114|30922|200,000
31089|1514|40217|0.5|2.01085|30922|200,000
32187|695|40111|0.2|2.00555|30922|200,000
30630|835|39948|0.3|1.9974|30922|200,000
32064|2835|39931|0.9|1.99655|30922|200,000
39842|2733|39907|0.9|1.99535|30922|200,000
31071|379|39875|0.1|1.99375|30922|200,000
31901|3218|39865|1|1.99325|30922|200,000
32628|1602|39835|0.5|1.99175|30922|200,000
32535|1667|39828|0.5|1.9914|30922|200,000
32639|119|39727|0|1.98635|30922|200,000
33127|9661|39690|3.1|1.9845|30922|200,000
32505|10858|39672|3.5|1.9836|30922|200,000
33857|595|39659|0.2|1.98295|30922|200,000
32208|13531|39511|4.4|1.97555|30922|200,000
32427|466|39500|0.2|1.975|30922|200,000
34947|4136|39375|1.3|1.96875|30922|200,000
39859|346|39375|0.1|1.96875|30922|200,000
39826|275|39375|0.1|1.96875|30922|200,000
31648|348|39333|0.1|1.96665|30922|200,000
31749|976|39274|0.3|1.9637|30922|200,000
31001|839|39258|0.3|1.9629|30922|200,000
32544|533|39068|0.2|1.9534|30922|200,000
31642|1592|39028|0.5|1.9514|30922|200,000
31627|90|39000|0|1.95|30922|200,000
32351|5537|38955|1.8|1.94775|30922|200,000
33054|10281|38952|3.3|1.9476|30922|200,000
31735|288|38889|0.1|1.94445|30922|200,000
32805|6846|38885|2.2|1.94425|30922|200,000
32181|1148|38851|0.4|1.94255|30922|200,000
32631|172|38836|0.1|1.9418|30922|200,000
31714|2340|38815|0.8|1.94075|30922|200,000
32360|61|38750|0|1.9375|30922|200,000
31094|411|38672|0.1|1.9336|30922|200,000
31906|8612|38647|2.8|1.93235|30922|200,000
31501|5548|38633|1.8|1.93165|30922|200,000
31779|2958|38571|1|1.92855|30922|200,000
33841|3141|38466|1|1.9233|30922|200,000
31743|102|38286|0|1.9143|30922|200,000
30471|1531|38179|0.5|1.90895|30922|200,000
31055|1317|38083|0.4|1.90415|30922|200,000
32202|2204|38042|0.7|1.9021|30922|200,000
31795|665|38021|0.2|1.90105|30922|200,000
31750|7392|37972|2.4|1.8986|30922|200,000
32053|1358|37965|0.4|1.89825|30922|200,000
31711|329|37917|0.1|1.89585|30922|200,000
31709|5973|37915|1.9|1.89575|30922|200,000
31641|614|37875|0.2|1.89375|30922|200,000
33030|10582|37740|3.4|1.887|30922|200,000
32310|5793|37675|1.9|1.88375|30922|200,000
34946|2575|37511|0.8|1.87555|30922|200,000
30441|768|37500|0.2|1.875|30922|200,000
33960|310|37500|0.1|1.875|30922|200,000
32426|269|37396|0.1|1.8698|30922|200,000
33125|21227|37370|6.9|1.8685|30922|200,000
31020|644|37298|0.2|1.8649|30922|200,000
32641|5406|37083|1.7|1.85415|30922|200,000
31003|55|37083|0|1.85415|30922|200,000
30555|1216|36875|0.4|1.84375|30922|200,000
32462|1291|36827|0.4|1.84135|30922|200,000
31705|10295|36805|3.3|1.84025|30922|200,000
32340|3675|36795|1.2|1.83975|30922|200,000
31543|1637|36648|0.5|1.8324|30922|200,000
31780|647|36613|0.2|1.83065|30922|200,000
30315|13151|36436|4.3|1.8218|30922|200,000
30601|10116|36319|3.3|1.81595|30922|200,000
33944|95|36203|0|1.81015|30922|200,000
33471|2492|36043|0.8|1.80215|30922|200,000
32157|350|36042|0.1|1.8021|30922|200,000
30445|961|35906|0.3|1.7953|30922|200,000
31415|4179|35753|1.4|1.78765|30922|200,000
33142|20178|35589|6.5|1.77945|30922|200,000
31781|766|35547|0.2|1.77735|30922|200,000
32501|4647|35344|1.5|1.7672|30922|200,000
32206|7027|35313|2.3|1.76565|30922|200,000
32254|5265|35295|1.7|1.76475|30922|200,000
31630|209|35243|0.1|1.76215|30922|200,000
33135|14513|35185|4.7|1.75925|30922|200,000
31520|8958|35181|2.9|1.75905|30922|200,000
33136|6894|35129|2.2|1.75645|30922|200,000
31077|299|35078|0.1|1.7539|30922|200,000
32336|521|34840|0.2|1.742|30922|200,000
31058|722|34773|0.2|1.73865|30922|200,000
31784|340|34673|0.1|1.73365|30922|200,000
30816|906|33992|0.3|1.6996|30922|200,000
34679|62|33962|0|1.6981|30922|200,000
31549|501|33906|0.2|1.6953|30922|200,000
34475|4615|33817|1.5|1.69085|30922|200,000
31042|580|33806|0.2|1.6903|30922|200,000
31566|1367|33785|0.4|1.68925|30922|200,000
33128|3907|33697|1.3|1.68485|30922|200,000
33150|10910|33629|3.5|1.68145|30922|200,000
31044|960|33558|0.3|1.6779|30922|200,000
33815|5738|33540|1.9|1.677|30922|200,000
31601|12005|32903|3.9|1.64515|30922|200,000
39886|443|32708|0.1|1.6354|30922|200,000
31701|7058|32611|2.3|1.63055|30922|200,000
33854|241|32438|0.1|1.6219|30922|200,000
33605|7255|32381|2.3|1.61905|30922|200,000
30314|7684|32374|2.5|1.6187|30922|200,000
39851|805|32331|0.3|1.61655|30922|200,000
30442|3327|31579|1.1|1.57895|30922|200,000
32448|3255|31427|1.1|1.57135|30922|200,000
30457|1846|31269|0.6|1.56345|30922|200,000
31532|230|31053|0.1|1.55265|30922|200,000
34950|6725|30451|2.2|1.52255|30922|200,000
33856|219|30208|0.1|1.5104|30922|200,000
31087|2896|29970|0.9|1.4985|30922|200,000
32147|686|29671|0.2|1.48355|30922|200,000
32449|351|29297|0.1|1.46485|30922|200,000
34661|153|29132|0|1.4566|30922|200,000
32601|9015|29059|2.9|1.45295|30922|200,000
31623|39|28917|0|1.44585|30922|200,000
31206|8745|28915|2.8|1.44575|30922|200,000
32209|14492|28534|4.7|1.4267|30922|200,000
31638|370|28421|0.1|1.42105|30922|200,000
31720|150|28056|0|1.4028|30922|200,000
31903|7781|27926|2.5|1.3963|30922|200,000
32304|18685|27876|6|1.3938|30922|200,000
32332|487|27256|0.2|1.3628|30922|200,000
31824|477|27192|0.2|1.3596|30922|200,000
31078|1192|25682|0.4|1.2841|30922|200,000
33476|2069|25521|0.7|1.27605|30922|200,000
33965|33|25179|0|1.25895|30922|200,000
30539|83|25096|0|1.2548|30922|200,000
31051|40|24643|0|1.23215|30922|200,000
31041|273|24539|0.1|1.22695|30922|200,000
39866|170|24000|0.1|1.2|30922|200,000
31068|1187|23946|0.4|1.1973|30922|200,000
31057|588|23935|0.2|1.19675|30922|200,000
30229|24|23676|0|1.1838|30922|200,000
30901|7028|22282|2.3|1.1141|30922|200,000
39840|1916|22224|0.6|1.1112|30922|200,000
31201|3585|21642|1.2|1.0821|30922|200,000
30665|92|20577|0|1.02885|30922|200,000
30423|14|17000|0|0.85|30922|200,000
30756|13|14306|0|0.7153|30922|200,000
32603|2043|12894|0.7|0.6447|30922|200,000
30303|1148|0|0.4|0|30922|200,000
31303|984|0|0.3|0|30922|200,000
32140|623|0|0.2|0|30922|200,000
31756|596|0|0.2|0|30922|200,000
30177|575|0|0.2|0|30922|200,000
31567|461|0|0.1|0|30922|200,000
34739|361|0|0.1|0|30922|200,000
34215|322|0|0.1|0|30922|200,000
31649|312|0|0.1|0|30922|200,000
33877|211|0|0.1|0|30922|200,000
30818|197|0|0.1|0|30922|200,000
31333|134|0|0|0|30922|200,000
33858|128|0|0|0|30922|200,000
30573|111|0|0|0|30922|200,000
33503|104|0|0|0|30922|200,000
34268|96|0|0|0|30922|200,000
31810|81|0|0|0|30922|200,000
32356|75|0|0|0|30922|200,000
34139|72|0|0|0|30922|200,000
32616|71|0|0|0|30922|200,000
32463|69|0|0|0|30922|200,000
32692|63|0|0|0|30922|200,000
32323|61|0|0|0|30922|200,000
31832|58|0|0|0|30922|200,000
34140|53|0|0|0|30922|200,000
31821|48|0|0|0|30922|200,000
33867|40|0|0|0|30922|200,000
33924|40|0|0|0|30922|200,000
30018|36|0|0|0|30922|200,000
31034|36|0|0|0|30922|200,000
30623|34|0|0|0|30922|200,000
31045|34|0|0|0|30922|200,000
32337|32|0|0|0|30922|200,000
31556|30|0|0|0|30922|200,000
34267|29|0|0|0|30922|200,000
33835|28|0|0|0|30922|200,000
31327|26|0|0|0|30922|200,000
32831|24|0|0|0|30922|200,000
30581|23|0|0|0|30922|200,000
30149|22|0|0|0|30922|200,000
32072|22|0|0|0|30922|200,000
30118|21|0|0|0|30922|200,000
30414|19|0|0|0|30922|200,000
32061|19|0|0|0|30922|200,000
34729|18|0|0|0|30922|200,000
30751|16|0|0|0|30922|200,000
31753|15|0|0|0|30922|200,000
32182|15|0|0|0|30922|200,000
32013|14|0|0|0|30922|200,000
30598|13|0|0|0|30922|200,000
30449|12|0|0|0|30922|200,000
30724|11|0|0|0|30922|200,000
31421|11|0|0|0|30922|200,000
33530|9|0|0|0|30922|200,000
39885|9|0|0|0|30922|200,000
30639|8|0|0|0|30922|200,000
32530|8|0|0|0|30922|200,000
32634|8|0|0|0|30922|200,000
30451|7|0|0|0|30922|200,000
30664|6|0|0|0|30922|200,000
30448|4|0|0|0|30922|200,000
34141|4|0|0|0|30922|200,000
39832|3|0|0|0|30922|200,000
30284|2|0|0|0|30922|200,000
30090|0|0|0|0|30922|200,000
30111|0|0|0|0|30922|200,000
30250|0|0|0|0|30922|200,000
30272|0|0|0|0|30922|200,000
30322|0|0|0|0|30922|200,000
30332|0|0|0|0|30922|200,000
30334|0|0|0|0|30922|200,000
30460|0|0|0|0|30922|200,000
30597|0|0|0|0|30922|200,000
30602|0|0|0|0|30922|200,000
30609|0|0|0|0|30922|200,000
30726|0|0|0|0|30922|200,000
30812|0|0|0|0|30922|200,000
30822|0|0|0|0|30922|200,000
30912|0|0|0|0|30922|200,000
31004|0|0|0|0|30922|200,000
31039|0|0|0|0|30922|200,000
31062|0|0|0|0|30922|200,000
31084|0|0|0|0|30922|200,000
31207|0|0|0|0|30922|200,000
31213|0|0|0|0|30922|200,000
31314|0|0|0|0|30922|200,000
31409|0|0|0|0|30922|200,000
31524|0|0|0|0|30922|200,000
31547|0|0|0|0|30922|200,000
31564|0|0|0|0|30922|200,000
31599|0|0|0|0|30922|200,000
31698|0|0|0|0|30922|200,000
31699|0|0|0|0|30922|200,000
31704|0|0|0|0|30922|200,000
31727|0|0|0|0|30922|200,000
31814|0|0|0|0|30922|200,000
32026|0|0|0|0|30922|200,000
32192|0|0|0|0|30922|200,000
32203|0|0|0|0|30922|200,000
32214|0|0|0|0|30922|200,000
32228|0|0|0|0|30922|200,000
32306|0|0|0|0|30922|200,000
32307|0|0|0|0|30922|200,000
32313|0|0|0|0|30922|200,000
32399|0|0|0|0|30922|200,000
32432|0|0|0|0|30922|200,000
32509|0|0|0|0|30922|200,000
32511|0|0|0|0|30922|200,000
32512|0|0|0|0|30922|200,000
32610|0|0|0|0|30922|200,000
32612|0|0|0|0|30922|200,000
32723|0|0|0|0|30922|200,000
32768|0|0|0|0|30922|200,000
32775|0|0|0|0|30922|200,000
32816|0|0|0|0|30922|200,000
32899|0|0|0|0|30922|200,000
32959|0|0|0|0|30922|200,000
33022|0|0|0|0|30922|200,000
33039|0|0|0|0|30922|200,000
33101|0|0|0|0|30922|200,000
33388|0|0|0|0|30922|200,000
33550|0|0|0|0|30922|200,000
33574|0|0|0|0|30922|200,000
33620|0|0|0|0|30922|200,000
33744|0|0|0|0|30922|200,000
33840|0|0|0|0|30922|200,000
34101|0|0|0|0|30922|200,000
34445|0|0|0|0|30922|200,000
34487|0|0|0|0|30922|200,000
